-- MariaDB dump 10.19  Distrib 10.5.11-MariaDB, for debian-linux-gnu (x86_64)
--
-- Host: localhost    Database: School
-- ------------------------------------------------------
-- Server version	10.5.11-MariaDB-1

/*!40101 SET @OLD_CHARACTER_SET_CLIENT=@@CHARACTER_SET_CLIENT */;
/*!40101 SET @OLD_CHARACTER_SET_RESULTS=@@CHARACTER_SET_RESULTS */;
/*!40101 SET @OLD_COLLATION_CONNECTION=@@COLLATION_CONNECTION */;
/*!40101 SET NAMES utf8mb4 */;
/*!40103 SET @OLD_TIME_ZONE=@@TIME_ZONE */;
/*!40103 SET TIME_ZONE='+00:00' */;
/*!40014 SET @OLD_UNIQUE_CHECKS=@@UNIQUE_CHECKS, UNIQUE_CHECKS=0 */;
/*!40014 SET @OLD_FOREIGN_KEY_CHECKS=@@FOREIGN_KEY_CHECKS, FOREIGN_KEY_CHECKS=0 */;
/*!40101 SET @OLD_SQL_MODE=@@SQL_MODE, SQL_MODE='NO_AUTO_VALUE_ON_ZERO' */;
/*!40111 SET @OLD_SQL_NOTES=@@SQL_NOTES, SQL_NOTES=0 */;

--
-- Table structure for table `Assignments`
--

DROP TABLE IF EXISTS `Assignments`;
/*!40101 SET @saved_cs_client     = @@character_set_client */;
/*!40101 SET character_set_client = utf8 */;
CREATE TABLE `Assignments` (
  `AssignmentID` int(11) NOT NULL AUTO_INCREMENT,
  `Name` varchar(30) DEFAULT NULL,
  `Description` varchar(250) DEFAULT NULL,
  `ClassID` int(11) NOT NULL,
  `StudentID` int(11) NOT NULL,
  `Grade` int(11) DEFAULT NULL,
  PRIMARY KEY (`AssignmentID`),
  KEY `Assignments_FK_Classes_ClassID` (`ClassID`),
  KEY `Assignments_FK_Students_StudentID` (`StudentID`),
  CONSTRAINT `Assignments_FK_Classes_ClassID` FOREIGN KEY (`ClassID`) REFERENCES `Classes` (`ClassID`),
  CONSTRAINT `Assignments_FK_Students_StudentID` FOREIGN KEY (`StudentID`) REFERENCES `Students` (`StudentID`)
) ENGINE=InnoDB AUTO_INCREMENT=501 DEFAULT CHARSET=utf8mb4;
/*!40101 SET character_set_client = @saved_cs_client */;

--
-- Dumping data for table `Assignments`
--

LOCK TABLES `Assignments` WRITE;
/*!40000 ALTER TABLE `Assignments` DISABLE KEYS */;
INSERT INTO `Assignments` VALUES (1,'Portuguese','Lorem ipsum dolor sit amet, consectetuer adipiscing elit.',18,135,3),(2,'Staff Development','Aliquam augue quam, sollicitudin vitae, consectetuer eget, rutrum at, lorem.',4,876,5),(3,'LDOM','Duis at velit eu est congue elementum.',10,68,3),(4,'Corporate Branding','Cras in purus eu magna vulputate luctus.',15,802,2),(5,'Jasper Reports','Sed accumsan felis.',16,355,4),(6,'Land Use Planning','Praesent blandit.',8,868,1),(7,'SSPS','Integer tincidunt ante vel ipsum.',1,643,4),(8,'OMNI','Morbi ut odio.',9,196,1),(9,'Instructional Design','Phasellus in felis.',13,725,4),(10,'MXML','Vivamus metus arcu, adipiscing molestie, hendrerit at, vulputate vitae, nisl.',12,714,1),(11,'PVCS','Nullam orci pede, venenatis non, sodales sed, tincidunt eu, felis.',14,316,3),(12,'Swift','Cum sociis natoque penatibus et magnis dis parturient montes, nascetur ridiculus mus.',14,715,2),(13,'Government','Quisque ut erat.',17,73,3),(14,'RRC','Curabitur convallis.',17,237,2),(15,'ION Marketview','Nulla tempus.',7,916,5),(16,'WiFi','Mauris ullamcorper purus sit amet nulla.',7,130,3),(17,'Kinetics','Praesent blandit lacinia erat.',17,471,2),(18,'iPhone Support','Nulla facilisi.',5,302,3),(19,'Pianist','Nam ultrices, libero non mattis pulvinar, nulla pede ullamcorper augue, a suscipit nulla elit ac nulla.',13,253,5),(20,'Lotus Notes','Vivamus tortor.',15,682,4),(21,'Owner-managed businesses','Maecenas pulvinar lobortis est.',8,995,2),(22,'NDS','Vivamus vestibulum sagittis sapien.',6,557,2),(23,'HRO','Donec quis orci eget orci vehicula condimentum.',13,99,2),(24,'RS Means','Maecenas leo odio, condimentum id, luctus nec, molestie sed, justo.',6,491,1),(25,'HMI Configuration','Quisque erat eros, viverra eget, congue eget, semper rutrum, nulla.',6,228,1),(26,'Tourism Management','Fusce consequat.',11,66,3),(27,'Steam Turbines','Maecenas leo odio, condimentum id, luctus nec, molestie sed, justo.',7,264,2),(28,'1H NMR','In quis justo.',16,152,2),(29,'Land Use Planning','Fusce lacus purus, aliquet at, feugiat non, pretium quis, lectus.',12,827,4),(30,'CD covers','Nulla neque libero, convallis eget, eleifend luctus, ultricies eu, nibh.',13,112,3),(31,'Contractual Agreements','In blandit ultrices enim.',2,321,5),(32,'OEE','Integer a nibh.',20,263,2),(33,'Property Management Systems','Suspendisse potenti.',4,638,2),(34,'SAP Implementation','In est risus, auctor sed, tristique in, tempus sit amet, sem.',6,459,5),(35,'Crisis Intervention','Suspendisse potenti.',4,772,3),(36,'Rugby','Phasellus sit amet erat.',19,41,2),(37,'Algorithm Design','Donec ut dolor.',6,570,5),(38,'NFL','Donec semper sapien a libero.',19,489,4),(39,'Keil','In tempor, turpis nec euismod scelerisque, quam turpis adipiscing lorem, vitae mattis nibh ligula nec sem.',7,84,4),(40,'Electric Power','Donec odio justo, sollicitudin ut, suscipit a, feugiat et, eros.',5,301,2),(41,'XNA','Morbi sem mauris, laoreet ut, rhoncus aliquet, pulvinar sed, nisl.',6,798,4),(42,'Twitter','Morbi vestibulum, velit id pretium iaculis, diam erat fermentum justo, nec condimentum neque sapien placerat ante.',20,425,3),(43,'Equipment Maintenance','Lorem ipsum dolor sit amet, consectetuer adipiscing elit.',6,863,2),(44,'TPF','Nullam sit amet turpis elementum ligula vehicula consequat.',9,716,2),(45,'Feature Writing','Aliquam augue quam, sollicitudin vitae, consectetuer eget, rutrum at, lorem.',2,271,4),(46,'SPC','Praesent blandit.',13,180,1),(47,'Otoplasty','Praesent blandit.',15,256,5),(48,'BMC Remedy AR System','Pellentesque eget nunc.',9,949,1),(49,'PET-CT','Cras mi pede, malesuada in, imperdiet et, commodo vulputate, justo.',1,967,4),(50,'Justice','In blandit ultrices enim.',8,174,2),(51,'Open XML','Duis consequat dui nec nisi volutpat eleifend.',6,678,3),(52,'HP XP','Donec diam neque, vestibulum eget, vulputate ut, ultrices vel, augue.',20,807,1),(53,'UIKit','Fusce congue, diam id ornare imperdiet, sapien urna pretium nisl, ut volutpat sapien arcu sed augue.',6,849,2),(54,'Academic Tutoring','Aenean sit amet justo.',19,886,5),(55,'Hadoop','Vivamus metus arcu, adipiscing molestie, hendrerit at, vulputate vitae, nisl.',17,227,4),(56,'Leases','Curabitur convallis.',20,752,3),(57,'SQL Azure','Cum sociis natoque penatibus et magnis dis parturient montes, nascetur ridiculus mus.',2,199,2),(58,'MDaemon','Nunc rhoncus dui vel sem.',10,367,1),(59,'Alarm Systems','Mauris sit amet eros.',1,563,1),(60,'Medical Terminology','Mauris lacinia sapien quis libero.',18,505,1),(61,'Oozie','Nulla ac enim.',10,664,4),(62,'IT Strategy','Suspendisse ornare consequat lectus.',15,355,5),(63,'PPE','Aliquam augue quam, sollicitudin vitae, consectetuer eget, rutrum at, lorem.',16,463,2),(64,'TLM','Etiam pretium iaculis justo.',12,86,4),(65,'Funding','Maecenas ut massa quis augue luctus tincidunt.',19,159,2),(66,'Yard Work','Nunc nisl.',20,967,4),(67,'KPI Reports','Proin eu mi.',13,813,4),(68,'VSAT','Cum sociis natoque penatibus et magnis dis parturient montes, nascetur ridiculus mus.',15,167,5),(69,'Team Management','Praesent id massa id nisl venenatis lacinia.',9,642,5),(70,'Early Childhood Development','Curabitur gravida nisi at nibh.',9,351,3),(71,'NDK','Proin leo odio, porttitor id, consequat in, consequat ut, nulla.',16,58,2),(72,'Eye Treatments','Aenean auctor gravida sem.',18,182,4),(73,'Portuguese','Nulla suscipit ligula in lacus.',18,614,5),(74,'Systems Engineering','Nullam orci pede, venenatis non, sodales sed, tincidunt eu, felis.',19,11,2),(75,'IBM XIV','Praesent blandit lacinia erat.',8,67,3),(76,'OEM Management','Ut at dolor quis odio consequat varius.',19,210,3),(77,'VPN','Nulla justo.',13,758,3),(78,'FP7','Fusce posuere felis sed lacus.',12,142,4),(79,'Web Typography','Suspendisse potenti.',16,79,5),(80,'Emotional Intelligence','Morbi non quam nec dui luctus rutrum.',18,101,4),(81,'Juniper Technologies','Nam dui.',14,664,5),(82,'CBCP','Praesent id massa id nisl venenatis lacinia.',11,935,5),(83,'AOG','Donec diam neque, vestibulum eget, vulputate ut, ultrices vel, augue.',15,859,4),(84,'AAT','Morbi vestibulum, velit id pretium iaculis, diam erat fermentum justo, nec condimentum neque sapien placerat ante.',6,932,2),(85,'MDR','Aliquam non mauris.',5,762,5),(86,'User Interface','Integer ac neque.',11,383,2),(87,'MCMS','Vestibulum rutrum rutrum neque.',2,248,3),(88,'SDLX','Phasellus in felis.',8,591,4),(89,'RSL','Vivamus tortor.',9,977,5),(90,'DNA quantification','Vestibulum sed magna at nunc commodo placerat.',3,85,2),(91,'Yacht Racing','Nulla justo.',9,581,4),(92,'NT 4.0','In eleifend quam a odio.',3,648,4),(93,'Flyers','Duis mattis egestas metus.',11,503,2),(94,'Pinterest','Aenean lectus.',12,843,1),(95,'Wastewater Treatment','Maecenas ut massa quis augue luctus tincidunt.',2,327,2),(96,'Online Lead Generation','Lorem ipsum dolor sit amet, consectetuer adipiscing elit.',15,375,1),(97,'Zeolites','Curabitur in libero ut massa volutpat convallis.',1,917,2),(98,'CTAs','Donec quis orci eget orci vehicula condimentum.',15,402,2),(99,'GDS systems','Donec semper sapien a libero.',13,144,4),(100,'Citrix XenDesktop','Cras non velit nec nisi vulputate nonummy.',9,639,5),(101,'Kitchen Remodeling','Integer a nibh.',12,196,3),(102,'Zumba','In tempor, turpis nec euismod scelerisque, quam turpis adipiscing lorem, vitae mattis nibh ligula nec sem.',10,985,1),(103,'Non-profit Leadership','Pellentesque eget nunc.',6,755,3),(104,'HSPD-12','Aenean fermentum.',15,274,5),(105,'fMRI','In hac habitasse platea dictumst.',2,415,5),(106,'RNC','Etiam vel augue.',10,412,1),(107,'Turf','Curabitur in libero ut massa volutpat convallis.',9,857,5),(108,'Aquifer Testing','Praesent blandit lacinia erat.',7,349,5),(109,'DDA compliance','Pellentesque ultrices mattis odio.',2,157,5),(110,'LPAR','Donec dapibus.',14,693,2),(111,'Accounts Receivable','Praesent blandit.',1,894,3),(112,'TDC3000','Donec vitae nisi.',9,919,4),(113,'Up-selling','Pellentesque ultrices mattis odio.',15,326,5),(114,'Licensing','In hac habitasse platea dictumst.',8,497,2),(115,'Quality Auditing','Integer pede justo, lacinia eget, tincidunt eget, tempus vel, pede.',15,162,2),(116,'TVCs','Vestibulum rutrum rutrum neque.',14,585,4),(117,'Economic Development','Aliquam non mauris.',12,6,4),(118,'Wealth Management','Lorem ipsum dolor sit amet, consectetuer adipiscing elit.',7,980,5),(119,'Agents','Lorem ipsum dolor sit amet, consectetuer adipiscing elit.',7,47,4),(120,'Embedded SQL','Duis consequat dui nec nisi volutpat eleifend.',14,938,5),(121,'Procurement','Cras non velit nec nisi vulputate nonummy.',1,497,5),(122,'Cerner','Etiam vel augue.',9,405,5),(123,'Channel Partners','Nullam varius.',4,646,1),(124,'Compensation &amp; Benefits','Etiam pretium iaculis justo.',10,748,2),(125,'Spreadsheets','Vivamus vel nulla eget eros elementum pellentesque.',13,122,5),(126,'Django','Proin at turpis a pede posuere nonummy.',18,655,3),(127,'Obstructive Sleep Apnea','Suspendisse potenti.',6,722,4),(128,'DXL','Phasellus sit amet erat.',12,188,2),(129,'Enterprise Software','Duis bibendum.',7,117,1),(130,'Curating','Proin eu mi.',11,401,2),(131,'NBAP','Nam nulla.',9,622,3),(132,'Acute Care','Duis bibendum, felis sed interdum venenatis, turpis enim blandit mi, in porttitor pede justo eu massa.',15,300,2),(133,'RS232','Quisque porta volutpat erat.',8,187,1),(134,'Administrative Assistance','Etiam justo.',12,132,2),(135,'Eyeon Fusion','Cum sociis natoque penatibus et magnis dis parturient montes, nascetur ridiculus mus.',15,797,1),(136,'Location Intelligence','In tempor, turpis nec euismod scelerisque, quam turpis adipiscing lorem, vitae mattis nibh ligula nec sem.',14,363,1),(137,'JGrasp','Cum sociis natoque penatibus et magnis dis parturient montes, nascetur ridiculus mus.',17,455,5),(138,'DFR','Aenean lectus.',6,247,3),(139,'DNV','In tempor, turpis nec euismod scelerisque, quam turpis adipiscing lorem, vitae mattis nibh ligula nec sem.',1,795,1),(140,'Microbiology','Etiam vel augue.',8,130,4),(141,'Osteopathy','Integer aliquet, massa id lobortis convallis, tortor risus dapibus augue, vel accumsan tellus nisi eu orci.',11,628,2),(142,'CGI scripts','Maecenas pulvinar lobortis est.',20,390,3),(143,'Artistic Abilities','Fusce consequat.',12,667,2),(144,'XBRL','Morbi vestibulum, velit id pretium iaculis, diam erat fermentum justo, nec condimentum neque sapien placerat ante.',7,709,5),(145,'Cvent','Proin interdum mauris non ligula pellentesque ultrices.',2,700,3),(146,'CSPO','Cras in purus eu magna vulputate luctus.',7,236,3),(147,'Flash','Curabitur in libero ut massa volutpat convallis.',18,18,3),(148,'VMware ESX','Maecenas leo odio, condimentum id, luctus nec, molestie sed, justo.',10,672,1),(149,'Emergency Nursing','Nulla tellus.',1,840,3),(150,'Wwise','Quisque ut erat.',11,163,1),(151,'JDeveloper','Phasellus in felis.',9,845,1),(152,'BFSI','Sed ante.',1,814,2),(153,'Biomedical Engineering','Donec dapibus.',18,963,4),(154,'Real Estate Development','Aenean fermentum.',19,540,4),(155,'HCP','Donec odio justo, sollicitudin ut, suscipit a, feugiat et, eros.',20,806,4),(156,'Inventory Control','In blandit ultrices enim.',6,718,3),(157,'Capital Markets','Aliquam non mauris.',5,785,5),(158,'High Sense Of Urgency','In hac habitasse platea dictumst.',17,862,3),(159,'OCLC Connexion','Vestibulum ac est lacinia nisi venenatis tristique.',16,881,5),(160,'ATR-FTIR','Vestibulum ante ipsum primis in faucibus orci luctus et ultrices posuere cubilia Curae; Nulla dapibus dolor vel est.',20,803,3),(161,'Foreign Trade Zone','Integer tincidunt ante vel ipsum.',11,821,1),(162,'Surgery','Nunc purus.',12,212,4),(163,'Oil &amp; Gas Law','Etiam faucibus cursus urna.',16,454,4),(164,'Snoring','Cras non velit nec nisi vulputate nonummy.',10,340,5),(165,'Eyewonder','Etiam pretium iaculis justo.',4,258,2),(166,'CWSP','Duis ac nibh.',4,611,4),(167,'Zotero','Cum sociis natoque penatibus et magnis dis parturient montes, nascetur ridiculus mus.',5,867,5),(168,'MX Road','In quis justo.',7,444,5),(169,'NTP','Fusce congue, diam id ornare imperdiet, sapien urna pretium nisl, ut volutpat sapien arcu sed augue.',18,871,1),(170,'Character Animation','Etiam faucibus cursus urna.',15,488,3),(171,'VNA','Donec dapibus.',11,573,1),(172,'NDMP','Integer aliquet, massa id lobortis convallis, tortor risus dapibus augue, vel accumsan tellus nisi eu orci.',16,298,4),(173,'Yard Work','Quisque arcu libero, rutrum ac, lobortis vel, dapibus at, diam.',20,918,3),(174,'GHP','Vestibulum ante ipsum primis in faucibus orci luctus et ultrices posuere cubilia Curae; Duis faucibus accumsan odio.',13,723,1),(175,'Dublin Core','Proin risus.',2,438,4),(176,'Interest Rate Derivatives','Cras pellentesque volutpat dui.',10,391,3),(177,'CWSP','Lorem ipsum dolor sit amet, consectetuer adipiscing elit.',16,918,4),(178,'LLP','Duis at velit eu est congue elementum.',10,341,5),(179,'NDA','Nunc nisl.',4,925,1),(180,'Sales Cycle Management','Proin eu mi.',9,677,3),(181,'Budget Oversight','Aenean sit amet justo.',9,916,5),(182,'Mobile Games','Nulla suscipit ligula in lacus.',10,609,5),(183,'IP PBX','Nunc rhoncus dui vel sem.',17,561,3),(184,'Governmental Affairs','In quis justo.',1,804,2),(185,'Rhetoric','Fusce posuere felis sed lacus.',6,647,5),(186,'FMCSR','Quisque porta volutpat erat.',6,608,2),(187,'MTT','Praesent blandit lacinia erat.',6,613,4),(188,'RBAC','Pellentesque viverra pede ac diam.',18,241,4),(189,'IATA','Sed ante.',18,838,2),(190,'Valuation','In est risus, auctor sed, tristique in, tempus sit amet, sem.',17,366,1),(191,'CMM','Vestibulum ante ipsum primis in faucibus orci luctus et ultrices posuere cubilia Curae; Mauris viverra diam vitae quam.',19,289,1),(192,'Online Marketing','Nulla neque libero, convallis eget, eleifend luctus, ultricies eu, nibh.',2,910,1),(193,'Security Clearance','In hac habitasse platea dictumst.',17,485,1),(194,'ICEM CFD','Phasellus in felis.',8,734,2),(195,'Broadcast Television','Fusce congue, diam id ornare imperdiet, sapien urna pretium nisl, ut volutpat sapien arcu sed augue.',5,644,1),(196,'IDL','Maecenas tristique, est et tempus semper, est quam pharetra magna, ac consequat metus sapien ut nunc.',20,759,1),(197,'DNA quantification','Sed ante.',16,221,1),(198,'DL1','Integer pede justo, lacinia eget, tincidunt eget, tempus vel, pede.',10,35,5),(199,'nVision','Donec dapibus.',17,684,1),(200,'TMMi','Morbi non lectus.',8,375,1),(201,'HMI Configuration','Nunc rhoncus dui vel sem.',11,78,4),(202,'Pediatrics','Fusce congue, diam id ornare imperdiet, sapien urna pretium nisl, ut volutpat sapien arcu sed augue.',3,533,4),(203,'Xetra','Quisque erat eros, viverra eget, congue eget, semper rutrum, nulla.',3,612,2),(204,'Jazz','Vestibulum rutrum rutrum neque.',16,965,2),(205,'Earned Value Management','Duis aliquam convallis nunc.',12,721,5),(206,'Artistic Eye','Nulla ac enim.',8,440,4),(207,'OxMetrics','Nullam varius.',4,147,4),(208,'Economics','Maecenas ut massa quis augue luctus tincidunt.',15,75,3),(209,'FCC License','Quisque erat eros, viverra eget, congue eget, semper rutrum, nulla.',8,236,4),(210,'MPEG-4','Nunc nisl.',7,564,2),(211,'DPF','In quis justo.',4,568,2),(212,'FFP','Etiam faucibus cursus urna.',15,827,2),(213,'sFlow','Phasellus in felis.',10,480,1),(214,'Golf','Aenean lectus.',11,797,5),(215,'DDL','Cum sociis natoque penatibus et magnis dis parturient montes, nascetur ridiculus mus.',16,9,4),(216,'Gift Cards','Vestibulum ac est lacinia nisi venenatis tristique.',19,151,4),(217,'PMO set-up','Suspendisse potenti.',20,660,5),(218,'CCIE R&amp;S','In est risus, auctor sed, tristique in, tempus sit amet, sem.',2,877,1),(219,'UVLayout','Pellentesque eget nunc.',20,525,2),(220,'FPGA','Proin eu mi.',13,431,1),(221,'Juniper Technologies','Quisque porta volutpat erat.',9,595,2),(222,'ASP.NET AJAX','Etiam justo.',2,42,2),(223,'ODI','Maecenas ut massa quis augue luctus tincidunt.',10,205,3),(224,'Wholesale Lending','Aenean lectus.',16,402,3),(225,'Nursing Care','Nullam orci pede, venenatis non, sodales sed, tincidunt eu, felis.',3,807,4),(226,'Sun One LDAP','Maecenas pulvinar lobortis est.',8,654,2),(227,'ProSystem fx Tax','Nullam sit amet turpis elementum ligula vehicula consequat.',4,317,1),(228,'IPTV','Phasellus sit amet erat.',6,887,4),(229,'Kickboxing','In eleifend quam a odio.',17,393,4),(230,'Cerner CCL','Vestibulum ante ipsum primis in faucibus orci luctus et ultrices posuere cubilia Curae; Nulla dapibus dolor vel est.',9,630,1),(231,'Governmental Affairs','Praesent id massa id nisl venenatis lacinia.',18,21,2),(232,'DBU','Etiam pretium iaculis justo.',9,818,1),(233,'PeopleSoft','Praesent blandit lacinia erat.',16,664,3),(234,'Topographic Surveys','Donec vitae nisi.',3,75,1),(235,'Adobe Acrobat','Nam dui.',14,798,3),(236,'UI Automation','Vivamus tortor.',5,577,1),(237,'Eyeon Fusion','Nunc purus.',17,893,3),(238,'HTTPS','Donec odio justo, sollicitudin ut, suscipit a, feugiat et, eros.',1,108,2),(239,'JAXB','Aliquam erat volutpat.',11,151,3),(240,'BSF','Cum sociis natoque penatibus et magnis dis parturient montes, nascetur ridiculus mus.',18,344,1),(241,'Lines Of Credit','Maecenas tincidunt lacus at velit.',11,609,2),(242,'Lubricants','Praesent lectus.',9,272,4),(243,'MCS','Duis ac nibh.',11,109,1),(244,'PDS Frameworks','Vivamus tortor.',20,300,5),(245,'Creative Strategy','Phasellus sit amet erat.',20,84,3),(246,'American Politics','In congue.',7,167,3),(247,'Commercial Aviation','Duis mattis egestas metus.',6,694,2),(248,'Operational Efficiency','Nullam porttitor lacus at turpis.',11,140,2),(249,'CTRM','Fusce consequat.',13,390,4),(250,'Kinematics','In tempor, turpis nec euismod scelerisque, quam turpis adipiscing lorem, vitae mattis nibh ligula nec sem.',1,227,4),(251,'People-oriented','Quisque id justo sit amet sapien dignissim vestibulum.',6,294,1),(252,'NLog','Suspendisse accumsan tortor quis turpis.',9,960,2),(253,'EOU','Nulla ac enim.',8,714,1),(254,'RTCP','Quisque porta volutpat erat.',17,113,3),(255,'Employee Relations','Nulla facilisi.',13,947,3),(256,'WCF Services','Aliquam quis turpis eget elit sodales scelerisque.',20,220,2),(257,'Leave of Absence','Sed vel enim sit amet nunc viverra dapibus.',2,242,1),(258,'FCE','Aliquam sit amet diam in magna bibendum imperdiet.',8,731,2),(259,'CTRS','Sed sagittis.',19,239,4),(260,'HSS','Suspendisse accumsan tortor quis turpis.',10,756,5),(261,'ProSystem fx Tax','Aliquam augue quam, sollicitudin vitae, consectetuer eget, rutrum at, lorem.',5,729,5),(262,'GNU/Linux','Integer ac neque.',18,11,3),(263,'XRR','In hac habitasse platea dictumst.',4,778,4),(264,'Thermal Oxidation','In blandit ultrices enim.',3,436,4),(265,'ProSystem fx Engagement','Pellentesque eget nunc.',10,511,1),(266,'Pressure Vessels','Nam ultrices, libero non mattis pulvinar, nulla pede ullamcorper augue, a suscipit nulla elit ac nulla.',11,798,2),(267,'MRI','Morbi ut odio.',11,443,5),(268,'RCFA','Vivamus in felis eu sapien cursus vestibulum.',17,41,2),(269,'Aircraft Design','In hac habitasse platea dictumst.',11,808,4),(270,'MVC Architecture','Nulla ac enim.',8,264,3),(271,'EGL','Integer non velit.',15,302,5),(272,'Intergovernmental Affairs','Fusce posuere felis sed lacus.',12,242,2),(273,'LDPC','Donec ut dolor.',3,393,1),(274,'IT Transformation','Curabitur at ipsum ac tellus semper interdum.',13,608,1),(275,'Oracle Identity Manager','Integer non velit.',1,226,5),(276,'HDV','Aliquam erat volutpat.',9,59,3),(277,'Airlines','Nunc purus.',1,403,3),(278,'XDoclet','In hac habitasse platea dictumst.',11,861,2),(279,'Mood Boards','Nam nulla.',18,439,3),(280,'Custom Homes','Lorem ipsum dolor sit amet, consectetuer adipiscing elit.',15,651,1),(281,'Financial Modeling','Morbi non quam nec dui luctus rutrum.',16,405,1),(282,'Spring MVC','Praesent lectus.',20,687,2),(283,'Luxury Cruise','In congue.',15,343,4),(284,'Social Media Blogging','Morbi a ipsum.',8,577,5),(285,'WebLogic','Mauris sit amet eros.',8,306,1),(286,'Curriculum Design','In hac habitasse platea dictumst.',14,172,4),(287,'Koine Greek','Cum sociis natoque penatibus et magnis dis parturient montes, nascetur ridiculus mus.',11,369,3),(288,'Commercial Litigation','Aliquam sit amet diam in magna bibendum imperdiet.',16,437,2),(289,'Athlete Development','Suspendisse potenti.',4,496,3),(290,'Estimates','Morbi a ipsum.',4,814,1),(291,'Educational Leadership','Pellentesque viverra pede ac diam.',10,817,5),(292,'EPR','Fusce lacus purus, aliquet at, feugiat non, pretium quis, lectus.',8,145,5),(293,'Ironport','Suspendisse potenti.',17,413,3),(294,'MD5','Vestibulum ante ipsum primis in faucibus orci luctus et ultrices posuere cubilia Curae; Mauris viverra diam vitae quam.',1,513,5),(295,'Klarity','Donec ut mauris eget massa tempor convallis.',8,162,2),(296,'QSI','Vestibulum rutrum rutrum neque.',11,253,3),(297,'Direct Marketing','Praesent lectus.',7,495,4),(298,'QC 9.2','Vivamus vestibulum sagittis sapien.',19,935,1),(299,'Zuora','Vestibulum sed magna at nunc commodo placerat.',20,290,1),(300,'MLRO','Vivamus vel nulla eget eros elementum pellentesque.',6,17,5),(301,'Health Education','Quisque arcu libero, rutrum ac, lobortis vel, dapibus at, diam.',4,985,3),(302,'Gnome','Sed sagittis.',12,767,4),(303,'Military Justice','Morbi odio odio, elementum eu, interdum eu, tincidunt in, leo.',11,971,3),(304,'DFMA','Ut at dolor quis odio consequat varius.',14,541,5),(305,'PSpice','Phasellus in felis.',7,552,3),(306,'FCS','Cras in purus eu magna vulputate luctus.',8,313,1),(307,'NCP','Vestibulum quam sapien, varius ut, blandit non, interdum in, ante.',18,508,2),(308,'IT Infrastructure Management','Morbi porttitor lorem id ligula.',13,642,4),(309,'GFAS','In est risus, auctor sed, tristique in, tempus sit amet, sem.',11,588,1),(310,'Lyrical','Nam nulla.',9,392,1),(311,'iPhone Support','Fusce congue, diam id ornare imperdiet, sapien urna pretium nisl, ut volutpat sapien arcu sed augue.',3,723,4),(312,'MSN AdCenter','Curabitur in libero ut massa volutpat convallis.',8,680,3),(313,'WLST','Donec posuere metus vitae ipsum.',15,847,5),(314,'Citrix XenDesktop','Maecenas ut massa quis augue luctus tincidunt.',18,692,4),(315,'Agility','Proin interdum mauris non ligula pellentesque ultrices.',17,692,1),(316,'Engineering Management','Nulla tellus.',15,713,5),(317,'Nuke','Nunc nisl.',19,956,4),(318,'Embedded C','Ut at dolor quis odio consequat varius.',11,335,5),(319,'Generators','Integer non velit.',1,841,1),(320,'XDoclet','Fusce posuere felis sed lacus.',19,285,3),(321,'Mobile Marketing','Cras mi pede, malesuada in, imperdiet et, commodo vulputate, justo.',18,763,1),(322,'Unicenter TNG','Nunc purus.',6,546,4),(323,'MQL4','Donec posuere metus vitae ipsum.',3,934,3),(324,'LME','Donec semper sapien a libero.',18,932,4),(325,'CTL','Integer aliquet, massa id lobortis convallis, tortor risus dapibus augue, vel accumsan tellus nisi eu orci.',1,252,5),(326,'Working at Height','Donec semper sapien a libero.',2,557,1),(327,'QLab','Duis mattis egestas metus.',20,112,3),(328,'Yamaha Digital Consoles','Mauris ullamcorper purus sit amet nulla.',1,550,4),(329,'Bonds','Aliquam sit amet diam in magna bibendum imperdiet.',11,647,2),(330,'Ultrafast Spectroscopy','In hac habitasse platea dictumst.',19,487,5),(331,'RNA Isolation','Donec diam neque, vestibulum eget, vulputate ut, ultrices vel, augue.',17,554,5),(332,'XSD','Morbi ut odio.',16,643,5),(333,'ODS','Nullam porttitor lacus at turpis.',7,162,3),(334,'Urban Economics','Nam nulla.',1,865,1),(335,'CCSP','Suspendisse ornare consequat lectus.',9,654,1),(336,'Employee Handbooks','Duis bibendum.',18,191,4),(337,'CQS','Quisque porta volutpat erat.',14,153,5),(338,'CPA','Integer pede justo, lacinia eget, tincidunt eget, tempus vel, pede.',8,874,5),(339,'KPI Dashboards','Nulla ut erat id mauris vulputate elementum.',2,702,2),(340,'PMA','In est risus, auctor sed, tristique in, tempus sit amet, sem.',9,879,3),(341,'SSOP','Fusce posuere felis sed lacus.',16,489,3),(342,'XPlanner','Nullam porttitor lacus at turpis.',17,655,2),(343,'Area Rugs','Vestibulum ante ipsum primis in faucibus orci luctus et ultrices posuere cubilia Curae; Nulla dapibus dolor vel est.',13,878,4),(344,'SMO','In hac habitasse platea dictumst.',11,217,2),(345,'Gift Cards','Praesent blandit lacinia erat.',19,784,5),(346,'Editorial Illustrations','Fusce lacus purus, aliquet at, feugiat non, pretium quis, lectus.',13,406,5),(347,'CPM Scheduling','Quisque arcu libero, rutrum ac, lobortis vel, dapibus at, diam.',1,325,3),(348,'NATO','Donec ut dolor.',15,471,3),(349,'MRPII','Vivamus vestibulum sagittis sapien.',5,871,2),(350,'Sound FX Editing','In hac habitasse platea dictumst.',19,348,3),(351,'Blended Learning','Integer non velit.',20,704,4),(352,'Analog Circuit Design','Ut at dolor quis odio consequat varius.',1,390,2),(353,'Geomatics','Integer tincidunt ante vel ipsum.',4,361,1),(354,'QPS','Integer a nibh.',12,280,1),(355,'Audio Engineering','Etiam faucibus cursus urna.',10,16,5),(356,'Youth Empowerment','Suspendisse accumsan tortor quis turpis.',11,95,1),(357,'Xilinx','Quisque porta volutpat erat.',18,53,4),(358,'Mathematical Modeling','Sed sagittis.',5,337,3),(359,'DFSS Green Belt','Duis bibendum.',19,290,5),(360,'Navisworks','Pellentesque at nulla.',11,582,3),(361,'CMS-1500','Donec odio justo, sollicitudin ut, suscipit a, feugiat et, eros.',4,199,1),(362,'Urban Geography','Quisque ut erat.',20,889,4),(363,'eGain','Ut at dolor quis odio consequat varius.',13,239,4),(364,'CTAs','Aliquam quis turpis eget elit sodales scelerisque.',7,552,2),(365,'HR Project Management','Etiam vel augue.',16,223,5),(366,'OSGi','Nulla suscipit ligula in lacus.',10,476,3),(367,'CNA','Cras pellentesque volutpat dui.',3,566,5),(368,'RDF','Morbi non lectus.',4,690,1),(369,'Gigabit Ethernet','Aliquam quis turpis eget elit sodales scelerisque.',14,94,2),(370,'Security Awareness','Nulla ac enim.',10,611,3),(371,'Fortran','Phasellus in felis.',1,269,3),(372,'Youth Ministry','Fusce consequat.',5,279,4),(373,'Crystal Reports','Fusce posuere felis sed lacus.',8,240,5),(374,'Long Distance Running','Vestibulum rutrum rutrum neque.',18,329,5),(375,'Book Reviews','Quisque porta volutpat erat.',5,66,2),(376,'NSA-IAM','Pellentesque eget nunc.',5,371,2),(377,'Cloud Computing IaaS','Sed ante.',6,388,1),(378,'Aerohive','Quisque id justo sit amet sapien dignissim vestibulum.',6,182,4),(379,'Market Research','Vivamus vel nulla eget eros elementum pellentesque.',6,697,5),(380,'AHDL','Mauris lacinia sapien quis libero.',6,302,4),(381,'Brand Ambassadorship','Morbi quis tortor id nulla ultrices aliquet.',10,625,5),(382,'MDaemon','Sed accumsan felis.',7,479,2),(383,'DMS-100','Donec posuere metus vitae ipsum.',6,412,3),(384,'GWT','Vivamus in felis eu sapien cursus vestibulum.',19,109,3),(385,'Uranium','Praesent lectus.',3,511,5),(386,'SGML','Etiam faucibus cursus urna.',8,902,1),(387,'Utility Locating','Donec quis orci eget orci vehicula condimentum.',10,223,4),(388,'RFID Applications','In hac habitasse platea dictumst.',19,159,1),(389,'Outdoor Recreation','Praesent blandit lacinia erat.',15,241,2),(390,'DFR','Proin at turpis a pede posuere nonummy.',16,272,5),(391,'IES Virtual Environment','Quisque arcu libero, rutrum ac, lobortis vel, dapibus at, diam.',10,463,4),(392,'ETL','Maecenas tristique, est et tempus semper, est quam pharetra magna, ac consequat metus sapien ut nunc.',3,613,1),(393,'DMZ','Donec vitae nisi.',6,137,5),(394,'Wedding Photography','Aliquam quis turpis eget elit sodales scelerisque.',13,205,5),(395,'QRM','Donec vitae nisi.',10,277,5),(396,'TQC','Sed vel enim sit amet nunc viverra dapibus.',9,542,3),(397,'Healthcare Industry','Donec ut dolor.',6,661,5),(398,'Scripting','Maecenas leo odio, condimentum id, luctus nec, molestie sed, justo.',18,14,5),(399,'VTC','Morbi sem mauris, laoreet ut, rhoncus aliquet, pulvinar sed, nisl.',18,347,4),(400,'RF Test','Vestibulum sed magna at nunc commodo placerat.',17,641,1),(401,'Youth Leadership','Phasellus in felis.',4,764,5),(402,'HSIA','Nunc nisl.',15,38,3),(403,'Test Automation','In quis justo.',19,493,1),(404,'Overseas Production','Duis ac nibh.',12,493,2),(405,'SDH','Aenean lectus.',5,352,1),(406,'Educational Outreach','In hac habitasse platea dictumst.',9,433,4),(407,'Supplier Evaluation','Vivamus metus arcu, adipiscing molestie, hendrerit at, vulputate vitae, nisl.',13,836,5),(408,'System Deployment','Maecenas tristique, est et tempus semper, est quam pharetra magna, ac consequat metus sapien ut nunc.',11,117,1),(409,'Storage','Vivamus in felis eu sapien cursus vestibulum.',15,987,3),(410,'Bridge','Donec ut mauris eget massa tempor convallis.',2,407,3),(411,'Mycology','Morbi porttitor lorem id ligula.',19,461,1),(412,'Ethernet','Aliquam sit amet diam in magna bibendum imperdiet.',17,510,2),(413,'Earned Value Management','Suspendisse ornare consequat lectus.',11,996,3),(414,'FCIP','Nulla ac enim.',2,288,3),(415,'JSA','In blandit ultrices enim.',10,997,5),(416,'Business Ethics','Suspendisse ornare consequat lectus.',4,98,3),(417,'MPLS-TP','Duis consequat dui nec nisi volutpat eleifend.',14,798,1),(418,'SRDF','Aliquam erat volutpat.',2,559,3),(419,'Gypsum','Pellentesque eget nunc.',16,749,5),(420,'Ffmpeg','Integer a nibh.',14,967,2),(421,'Up-selling','Quisque arcu libero, rutrum ac, lobortis vel, dapibus at, diam.',1,590,2),(422,'Knowledge-hungry Learner','Suspendisse potenti.',10,559,5),(423,'Early-stage Startups','Donec posuere metus vitae ipsum.',4,8,2),(424,'EBMS','Phasellus id sapien in sapien iaculis congue.',7,870,2),(425,'NGL','Vivamus vel nulla eget eros elementum pellentesque.',15,551,2),(426,'Pigments','Proin at turpis a pede posuere nonummy.',7,653,4),(427,'Cross-functional Coordination','In quis justo.',20,604,5),(428,'CVaR','Nam ultrices, libero non mattis pulvinar, nulla pede ullamcorper augue, a suscipit nulla elit ac nulla.',5,490,5),(429,'Employee Relations','Donec semper sapien a libero.',14,91,4),(430,'Key Opinion Leaders','Praesent blandit lacinia erat.',20,45,5),(431,'SBEM','Aliquam erat volutpat.',3,84,5),(432,'Device Drivers','Nunc nisl.',7,410,2),(433,'vShield','In blandit ultrices enim.',1,281,1),(434,'Computer Graphics','Vestibulum ante ipsum primis in faucibus orci luctus et ultrices posuere cubilia Curae; Mauris viverra diam vitae quam.',18,877,1),(435,'TCR','Praesent blandit.',17,335,2),(436,'GNS3','Aliquam sit amet diam in magna bibendum imperdiet.',13,619,5),(437,'Buyer&#39;s Agent','Curabitur in libero ut massa volutpat convallis.',3,59,5),(438,'FDDI','Morbi sem mauris, laoreet ut, rhoncus aliquet, pulvinar sed, nisl.',1,279,4),(439,'HMC','Nullam varius.',16,266,1),(440,'Usability','Suspendisse potenti.',14,347,1),(441,'VBScript','Nullam sit amet turpis elementum ligula vehicula consequat.',4,27,3),(442,'UML Tools','In sagittis dui vel nisl.',19,274,5),(443,'Illustration','Maecenas tincidunt lacus at velit.',16,334,4),(444,'Aquatic Therapy','Suspendisse accumsan tortor quis turpis.',12,501,1),(445,'IGCC','Maecenas pulvinar lobortis est.',6,767,1),(446,'Self-esteem','Vestibulum ante ipsum primis in faucibus orci luctus et ultrices posuere cubilia Curae; Mauris viverra diam vitae quam.',12,88,4),(447,'BSC','Morbi quis tortor id nulla ultrices aliquet.',1,107,3),(448,'Operational Risk Management','Praesent blandit lacinia erat.',5,109,1),(449,'Device Drivers','In hac habitasse platea dictumst.',14,651,4),(450,'Registered Nurses','Curabitur in libero ut massa volutpat convallis.',9,177,3),(451,'DNA Sequencing','Maecenas rhoncus aliquam lacus.',2,688,5),(452,'FCAW','Nullam orci pede, venenatis non, sodales sed, tincidunt eu, felis.',19,285,5),(453,'HR Project Management','Cras in purus eu magna vulputate luctus.',10,818,1),(454,'Jet Engines','Duis bibendum, felis sed interdum venenatis, turpis enim blandit mi, in porttitor pede justo eu massa.',15,272,5),(455,'PPC Bid Management','Vivamus in felis eu sapien cursus vestibulum.',17,8,1),(456,'Framing','Maecenas tristique, est et tempus semper, est quam pharetra magna, ac consequat metus sapien ut nunc.',1,833,4),(457,'Online Lead Generation','Nulla ut erat id mauris vulputate elementum.',10,713,1),(458,'Ideas NX','Curabitur at ipsum ac tellus semper interdum.',7,382,5),(459,'International Logistics','Nam nulla.',8,86,5),(460,'SSL Certificates','Fusce posuere felis sed lacus.',12,550,4),(461,'DGPS','Nulla neque libero, convallis eget, eleifend luctus, ultricies eu, nibh.',15,315,4),(462,'Afghanistan','Nulla neque libero, convallis eget, eleifend luctus, ultricies eu, nibh.',3,779,5),(463,'Award Submissions','Integer tincidunt ante vel ipsum.',8,982,1),(464,'SX.enterprise','Quisque porta volutpat erat.',8,205,2),(465,'IGMP','Etiam faucibus cursus urna.',11,574,3),(466,'Medical Imaging','Integer ac neque.',18,93,4),(467,'HDRI','In sagittis dui vel nisl.',6,66,3),(468,'Aquatic Ecology','Cum sociis natoque penatibus et magnis dis parturient montes, nascetur ridiculus mus.',15,843,1),(469,'Snorkeling','In hac habitasse platea dictumst.',12,331,5),(470,'Roth IRA','Mauris enim leo, rhoncus sed, vestibulum sit amet, cursus id, turpis.',1,773,2),(471,'Guided Imagery','Vestibulum sed magna at nunc commodo placerat.',20,440,1),(472,'LLBLGen Pro','Integer aliquet, massa id lobortis convallis, tortor risus dapibus augue, vel accumsan tellus nisi eu orci.',7,634,2),(473,'Algorithms','Mauris lacinia sapien quis libero.',4,565,4),(474,'Omnet++','In tempor, turpis nec euismod scelerisque, quam turpis adipiscing lorem, vitae mattis nibh ligula nec sem.',4,622,2),(475,'Xara','Donec vitae nisi.',10,125,1),(476,'Patents','Curabitur at ipsum ac tellus semper interdum.',10,70,3),(477,'TFS','Pellentesque ultrices mattis odio.',16,684,4),(478,'Sound FX Editing','Nullam orci pede, venenatis non, sodales sed, tincidunt eu, felis.',20,288,3),(479,'CBRN','Vestibulum ac est lacinia nisi venenatis tristique.',20,139,3),(480,'Cyber-security','Sed vel enim sit amet nunc viverra dapibus.',16,651,1),(481,'GNU C++','Etiam faucibus cursus urna.',13,202,2),(482,'TPF','Quisque arcu libero, rutrum ac, lobortis vel, dapibus at, diam.',4,885,3),(483,'Visual Merchandising','Pellentesque viverra pede ac diam.',1,449,5),(484,'Veterinary','Suspendisse ornare consequat lectus.',1,647,5),(485,'uDig','Nunc nisl.',12,113,5),(486,'XForms','Vestibulum ante ipsum primis in faucibus orci luctus et ultrices posuere cubilia Curae; Duis faucibus accumsan odio.',17,66,3),(487,'ITIL','Nullam sit amet turpis elementum ligula vehicula consequat.',4,285,3),(488,'Customer Satisfaction','Cum sociis natoque penatibus et magnis dis parturient montes, nascetur ridiculus mus.',6,197,3),(489,'Technical Writing','Etiam vel augue.',20,768,1),(490,'Construction Management','Morbi sem mauris, laoreet ut, rhoncus aliquet, pulvinar sed, nisl.',13,110,2),(491,'Pinterest','Donec ut mauris eget massa tempor convallis.',13,260,4),(492,'Systems Engineering','Integer tincidunt ante vel ipsum.',11,384,4),(493,'Igloo','In blandit ultrices enim.',12,953,3),(494,'Knitting','Nam congue, risus semper porta volutpat, quam pede lobortis ligula, sit amet eleifend pede libero quis orci.',8,58,5),(495,'MBOX','Praesent blandit.',10,563,4),(496,'Vascular','Curabitur at ipsum ac tellus semper interdum.',13,476,2),(497,'CBCP','Nam tristique tortor eu pede.',2,24,5),(498,'Xdebug','Phasellus in felis.',2,114,5),(499,'Image Processing','Praesent blandit lacinia erat.',5,665,4),(500,'People Skills','Cum sociis natoque penatibus et magnis dis parturient montes, nascetur ridiculus mus.',15,546,3);
/*!40000 ALTER TABLE `Assignments` ENABLE KEYS */;
UNLOCK TABLES;

--
-- Table structure for table `Classes`
--

DROP TABLE IF EXISTS `Classes`;
/*!40101 SET @saved_cs_client     = @@character_set_client */;
/*!40101 SET character_set_client = utf8 */;
CREATE TABLE `Classes` (
  `ClassID` int(11) NOT NULL AUTO_INCREMENT,
  `Name` varchar(25) DEFAULT NULL,
  `Description` varchar(200) DEFAULT NULL,
  `Enrolled` tinyint(1) NOT NULL,
  `Credits` int(11) NOT NULL,
  `TeacherID` int(11) NOT NULL,
  PRIMARY KEY (`ClassID`),
  KEY `Classes_FK_Teachers_TeacherID` (`TeacherID`),
  CONSTRAINT `Classes_FK_Teachers_TeacherID` FOREIGN KEY (`TeacherID`) REFERENCES `Teachers` (`TeacherID`)
) ENGINE=InnoDB AUTO_INCREMENT=21 DEFAULT CHARSET=utf8mb4;
/*!40101 SET character_set_client = @saved_cs_client */;

--
-- Dumping data for table `Classes`
--

LOCK TABLES `Classes` WRITE;
/*!40000 ALTER TABLE `Classes` DISABLE KEYS */;
INSERT INTO `Classes` VALUES (1,'Python Basic','In tempor, turpis nec euismod scelerisque, quam turpis adipiscing lorem, vitae mattis nibh ligula nec sem.',36,1,26),(2,'Python Medium','In est risus, auctor sed, tristique in, tempus sit amet, sem.',48,3,21),(3,'ROS','Nulla ut erat id mauris vulputate elementum.',1,4,26),(4,'Data analytics','Lorem ipsum dolor sit amet, consectetuer adipiscing elit.',13,4,1),(5,'GNU/Linux','Etiam faucibus cursus urna.',28,2,11),(6,'Command line','Aliquam erat volutpat.',45,5,13),(7,'Machine Learning','Donec quis orci eget orci vehicula condimentum.',14,2,24),(8,'C++','Sed vel enim sit amet nunc viverra dapibus.',45,5,12),(9,'C#','Morbi quis tortor id nulla ultrices aliquet.',49,3,5),(10,'Java','Curabitur at ipsum ac tellus semper interdum.',48,1,19),(11,'Web development','Nunc nisl.',13,4,19),(12,'Server arquitecture','Etiam faucibus cursus urna.',50,3,20),(13,'Server administration','Curabitur convallis.',50,2,30),(14,'English','Aliquam sit amet diam in magna bibendum imperdiet.',22,5,29),(15,'Finnish','Mauris sit amet eros.',39,3,24),(16,'Swedish','Fusce consequat.',33,3,5),(17,'GPU/TPU arquitectues','Suspendisse ornare consequat lectus.',47,3,15),(18,'MS Excel','Morbi non lectus.',30,1,29),(19,'APP development','Pellentesque at nulla.',29,3,9),(20,'Business','Curabitur gravida nisi at nibh.',45,1,31);
/*!40000 ALTER TABLE `Classes` ENABLE KEYS */;
UNLOCK TABLES;

--
-- Table structure for table `Groups`
--

DROP TABLE IF EXISTS `Groups`;
/*!40101 SET @saved_cs_client     = @@character_set_client */;
/*!40101 SET character_set_client = utf8 */;
CREATE TABLE `Groups` (
  `GroupID` int(11) NOT NULL AUTO_INCREMENT,
  `Name` varchar(15) NOT NULL,
  `Description` varchar(250) NOT NULL,
  `TeacherID` int(11) NOT NULL,
  PRIMARY KEY (`GroupID`)
) ENGINE=InnoDB AUTO_INCREMENT=9 DEFAULT CHARSET=utf8mb4;
/*!40101 SET character_set_client = @saved_cs_client */;

--
-- Dumping data for table `Groups`
--

LOCK TABLES `Groups` WRITE;
/*!40000 ALTER TABLE `Groups` DISABLE KEYS */;
INSERT INTO `Groups` VALUES (1,'NAI20SP','Artificial Intelligence 1º Year',21),(2,'NAI21SP','Artificial Intelligence 2º Year',16),(3,'SAP20SS','Business Administration 1º Year',1),(4,'SAP21SS','Business Administration 2º Year',30),(5,'IM20SK','Industrial Management 1º Year',11),(6,'IM21SK','Industrial Management 2º Year',25),(7,'MT20SK','Mechatronics 1º Year',19),(8,'MT21SK','Mechatronics 2º Year',4);
/*!40000 ALTER TABLE `Groups` ENABLE KEYS */;
UNLOCK TABLES;

--
-- Table structure for table `StudentClasses`
--

DROP TABLE IF EXISTS `StudentClasses`;
/*!40101 SET @saved_cs_client     = @@character_set_client */;
/*!40101 SET character_set_client = utf8 */;
CREATE TABLE `StudentClasses` (
  `StudentClassID` int(11) NOT NULL AUTO_INCREMENT,
  `StudentID` int(11) NOT NULL,
  `ClassID` int(11) NOT NULL,
  PRIMARY KEY (`StudentClassID`),
  KEY `StudentClasses_FK_Students_StudentID` (`StudentID`),
  KEY `StudentClasses_FK_Classes_ClassID` (`ClassID`),
  CONSTRAINT `StudentClasses_FK_Classes_ClassID` FOREIGN KEY (`ClassID`) REFERENCES `Classes` (`ClassID`),
  CONSTRAINT `StudentClasses_FK_Students_StudentID` FOREIGN KEY (`StudentID`) REFERENCES `Students` (`StudentID`)
) ENGINE=InnoDB AUTO_INCREMENT=1001 DEFAULT CHARSET=utf8mb4;
/*!40101 SET character_set_client = @saved_cs_client */;

--
-- Dumping data for table `StudentClasses`
--

LOCK TABLES `StudentClasses` WRITE;
/*!40000 ALTER TABLE `StudentClasses` DISABLE KEYS */;
INSERT INTO `StudentClasses` VALUES (1,513,19),(2,487,8),(3,58,6),(4,288,9),(5,920,1),(6,187,20),(7,444,12),(8,580,9),(9,969,9),(10,175,10),(11,84,20),(12,224,19),(13,253,18),(14,821,4),(15,648,10),(16,60,3),(17,725,10),(18,433,17),(19,103,16),(20,436,9),(21,255,1),(22,315,9),(23,224,9),(24,387,12),(25,406,5),(26,537,10),(27,522,12),(28,939,17),(29,605,16),(30,799,4),(31,803,3),(32,324,3),(33,897,3),(34,237,13),(35,44,3),(36,90,5),(37,613,11),(38,190,17),(39,318,14),(40,881,11),(41,401,3),(42,792,13),(43,573,12),(44,833,11),(45,387,7),(46,95,20),(47,108,7),(48,417,17),(49,724,7),(50,751,9),(51,729,10),(52,831,9),(53,874,12),(54,22,13),(55,402,17),(56,952,10),(57,417,4),(58,668,1),(59,417,18),(60,785,6),(61,234,2),(62,552,19),(63,304,5),(64,385,14),(65,333,14),(66,383,10),(67,160,1),(68,1000,8),(69,165,20),(70,321,9),(71,181,16),(72,926,17),(73,721,9),(74,681,15),(75,321,4),(76,567,20),(77,900,4),(78,692,7),(79,910,10),(80,425,8),(81,961,2),(82,482,10),(83,343,2),(84,117,10),(85,975,17),(86,464,5),(87,128,6),(88,751,9),(89,116,18),(90,636,14),(91,47,6),(92,648,9),(93,864,10),(94,15,17),(95,949,6),(96,453,9),(97,825,3),(98,607,5),(99,949,9),(100,286,16),(101,917,15),(102,438,10),(103,612,11),(104,124,13),(105,158,4),(106,850,8),(107,707,7),(108,856,1),(109,97,15),(110,386,4),(111,883,18),(112,697,17),(113,707,16),(114,943,4),(115,134,15),(116,734,1),(117,748,6),(118,382,9),(119,967,11),(120,292,10),(121,898,1),(122,831,6),(123,337,8),(124,227,10),(125,594,7),(126,323,2),(127,615,13),(128,181,8),(129,22,7),(130,202,1),(131,851,2),(132,82,7),(133,348,14),(134,248,7),(135,288,12),(136,174,2),(137,564,12),(138,363,13),(139,774,11),(140,151,4),(141,739,2),(142,293,14),(143,590,4),(144,503,6),(145,758,16),(146,253,2),(147,330,10),(148,302,14),(149,403,8),(150,628,6),(151,953,1),(152,343,5),(153,798,13),(154,751,20),(155,794,10),(156,424,12),(157,49,19),(158,635,15),(159,323,7),(160,952,3),(161,899,8),(162,11,11),(163,889,16),(164,206,3),(165,999,2),(166,574,20),(167,830,5),(168,308,18),(169,502,15),(170,169,6),(171,525,1),(172,759,17),(173,754,4),(174,332,13),(175,393,14),(176,596,19),(177,65,9),(178,344,19),(179,676,3),(180,503,19),(181,861,20),(182,380,8),(183,380,4),(184,298,13),(185,345,7),(186,751,20),(187,688,7),(188,496,2),(189,468,13),(190,28,7),(191,755,10),(192,953,20),(193,937,4),(194,914,8),(195,293,13),(196,766,8),(197,437,3),(198,366,10),(199,47,11),(200,396,10),(201,14,8),(202,131,17),(203,992,20),(204,66,16),(205,563,1),(206,806,13),(207,7,1),(208,675,3),(209,90,6),(210,518,13),(211,737,8),(212,565,8),(213,914,13),(214,983,6),(215,412,12),(216,576,1),(217,677,10),(218,919,10),(219,711,16),(220,221,2),(221,981,20),(222,132,14),(223,787,3),(224,581,5),(225,996,4),(226,523,1),(227,205,10),(228,707,8),(229,427,18),(230,299,4),(231,83,14),(232,42,17),(233,982,16),(234,632,18),(235,842,18),(236,804,7),(237,783,17),(238,415,9),(239,231,16),(240,151,7),(241,919,17),(242,841,7),(243,559,16),(244,424,16),(245,719,19),(246,228,6),(247,328,8),(248,418,13),(249,802,9),(250,769,13),(251,716,19),(252,754,17),(253,294,2),(254,601,8),(255,374,20),(256,882,3),(257,11,6),(258,966,5),(259,341,17),(260,715,7),(261,333,17),(262,227,14),(263,465,19),(264,207,19),(265,572,7),(266,418,1),(267,666,20),(268,866,1),(269,556,12),(270,54,12),(271,308,1),(272,703,3),(273,521,3),(274,413,9),(275,791,13),(276,664,7),(277,131,1),(278,629,10),(279,236,5),(280,481,19),(281,665,1),(282,578,8),(283,146,5),(284,240,4),(285,819,3),(286,821,3),(287,444,14),(288,324,14),(289,310,11),(290,966,12),(291,558,17),(292,389,11),(293,472,20),(294,151,12),(295,971,19),(296,599,4),(297,692,11),(298,843,6),(299,642,6),(300,511,2),(301,737,5),(302,538,3),(303,225,16),(304,369,1),(305,335,2),(306,642,2),(307,221,20),(308,961,17),(309,732,16),(310,662,12),(311,350,9),(312,456,12),(313,151,9),(314,650,4),(315,922,20),(316,744,5),(317,411,9),(318,791,12),(319,527,3),(320,734,19),(321,436,20),(322,475,20),(323,212,19),(324,83,11),(325,538,5),(326,70,11),(327,651,17),(328,913,4),(329,631,11),(330,617,20),(331,103,4),(332,493,9),(333,664,8),(334,493,18),(335,823,13),(336,359,18),(337,842,6),(338,321,15),(339,325,15),(340,285,2),(341,901,1),(342,612,6),(343,259,12),(344,702,20),(345,919,9),(346,20,8),(347,697,8),(348,852,5),(349,239,6),(350,724,10),(351,993,15),(352,604,16),(353,898,10),(354,861,17),(355,357,10),(356,481,14),(357,530,17),(358,359,9),(359,306,10),(360,714,3),(361,364,3),(362,182,4),(363,973,1),(364,884,16),(365,862,5),(366,610,10),(367,602,15),(368,624,2),(369,349,1),(370,832,9),(371,424,5),(372,453,19),(373,648,8),(374,698,6),(375,894,11),(376,440,8),(377,383,8),(378,781,17),(379,755,11),(380,637,17),(381,441,19),(382,424,19),(383,340,12),(384,841,3),(385,751,20),(386,789,2),(387,719,17),(388,930,3),(389,304,9),(390,490,13),(391,177,11),(392,797,20),(393,381,17),(394,184,6),(395,275,13),(396,198,4),(397,142,6),(398,446,4),(399,636,1),(400,908,13),(401,624,15),(402,412,20),(403,206,7),(404,685,8),(405,744,5),(406,199,7),(407,361,8),(408,297,11),(409,658,15),(410,493,5),(411,518,9),(412,401,10),(413,850,18),(414,865,16),(415,783,12),(416,86,3),(417,45,10),(418,651,12),(419,753,15),(420,331,13),(421,37,2),(422,341,3),(423,831,18),(424,368,15),(425,745,2),(426,163,6),(427,152,10),(428,842,13),(429,50,14),(430,431,10),(431,163,15),(432,427,18),(433,247,16),(434,976,19),(435,605,8),(436,976,8),(437,655,16),(438,645,4),(439,830,14),(440,439,11),(441,876,16),(442,668,15),(443,636,11),(444,800,1),(445,820,7),(446,870,9),(447,83,3),(448,817,13),(449,897,7),(450,681,11),(451,633,4),(452,710,18),(453,201,2),(454,189,7),(455,272,13),(456,98,5),(457,52,10),(458,372,5),(459,505,3),(460,425,12),(461,602,5),(462,670,9),(463,231,8),(464,512,20),(465,382,17),(466,969,7),(467,243,8),(468,726,12),(469,907,10),(470,966,12),(471,494,13),(472,45,4),(473,518,5),(474,82,17),(475,681,9),(476,290,9),(477,930,9),(478,161,10),(479,961,20),(480,676,11),(481,5,14),(482,410,17),(483,240,17),(484,755,19),(485,295,16),(486,683,4),(487,670,9),(488,626,7),(489,410,13),(490,702,11),(491,649,3),(492,235,13),(493,687,14),(494,898,11),(495,768,16),(496,120,7),(497,211,3),(498,674,16),(499,631,3),(500,459,4),(501,886,4),(502,160,5),(503,391,12),(504,905,6),(505,755,1),(506,583,1),(507,193,13),(508,178,1),(509,54,20),(510,720,7),(511,926,12),(512,377,9),(513,477,7),(514,8,1),(515,488,17),(516,300,1),(517,143,5),(518,974,14),(519,11,16),(520,390,14),(521,255,8),(522,660,20),(523,515,12),(524,420,8),(525,243,15),(526,96,14),(527,181,5),(528,853,20),(529,206,19),(530,467,4),(531,501,6),(532,865,4),(533,180,8),(534,114,20),(535,810,18),(536,210,18),(537,370,7),(538,241,16),(539,573,18),(540,535,11),(541,189,18),(542,630,10),(543,681,8),(544,327,13),(545,969,16),(546,67,15),(547,964,12),(548,728,5),(549,782,2),(550,695,12),(551,776,14),(552,713,19),(553,431,19),(554,942,11),(555,723,7),(556,2,15),(557,703,5),(558,422,12),(559,7,18),(560,440,6),(561,993,14),(562,84,4),(563,619,17),(564,343,13),(565,148,5),(566,256,8),(567,854,1),(568,33,6),(569,259,16),(570,91,5),(571,864,15),(572,743,15),(573,60,19),(574,828,16),(575,74,10),(576,663,18),(577,656,8),(578,120,20),(579,161,8),(580,221,19),(581,215,3),(582,416,19),(583,919,10),(584,602,4),(585,154,9),(586,261,6),(587,157,15),(588,473,5),(589,228,12),(590,622,17),(591,510,7),(592,859,6),(593,971,18),(594,857,14),(595,9,2),(596,685,12),(597,123,13),(598,57,20),(599,390,6),(600,20,5),(601,975,15),(602,146,14),(603,368,2),(604,550,14),(605,406,16),(606,310,6),(607,537,20),(608,567,19),(609,985,13),(610,972,20),(611,390,10),(612,671,1),(613,569,5),(614,403,19),(615,296,15),(616,802,20),(617,29,12),(618,843,3),(619,712,10),(620,872,5),(621,543,4),(622,484,15),(623,683,2),(624,377,3),(625,885,17),(626,803,14),(627,610,9),(628,928,5),(629,556,16),(630,737,14),(631,802,8),(632,479,18),(633,894,18),(634,95,14),(635,310,15),(636,835,20),(637,383,14),(638,219,1),(639,451,12),(640,765,20),(641,34,15),(642,975,19),(643,435,12),(644,536,1),(645,990,20),(646,931,5),(647,43,17),(648,183,17),(649,29,11),(650,52,4),(651,993,1),(652,799,2),(653,775,10),(654,184,12),(655,572,16),(656,446,16),(657,38,2),(658,442,17),(659,759,3),(660,589,19),(661,240,18),(662,685,10),(663,981,5),(664,17,10),(665,22,2),(666,599,18),(667,776,20),(668,678,13),(669,116,10),(670,392,6),(671,227,2),(672,454,15),(673,92,16),(674,278,3),(675,250,7),(676,187,4),(677,539,8),(678,204,9),(679,793,4),(680,541,9),(681,727,7),(682,338,13),(683,794,11),(684,377,1),(685,533,18),(686,579,12),(687,543,17),(688,221,7),(689,58,17),(690,62,1),(691,9,17),(692,287,15),(693,966,4),(694,38,10),(695,93,1),(696,93,5),(697,331,3),(698,525,4),(699,959,12),(700,863,19),(701,519,4),(702,956,11),(703,982,9),(704,874,6),(705,425,20),(706,638,3),(707,896,1),(708,750,12),(709,380,7),(710,363,16),(711,295,12),(712,627,1),(713,375,19),(714,90,5),(715,389,3),(716,407,2),(717,551,19),(718,332,15),(719,403,8),(720,396,14),(721,76,9),(722,799,14),(723,241,16),(724,1,7),(725,369,16),(726,735,19),(727,287,11),(728,46,14),(729,626,2),(730,649,11),(731,271,10),(732,452,11),(733,744,19),(734,844,20),(735,298,3),(736,88,7),(737,111,4),(738,387,16),(739,946,3),(740,374,5),(741,42,3),(742,175,2),(743,419,6),(744,824,3),(745,366,8),(746,189,8),(747,75,7),(748,761,8),(749,597,12),(750,964,3),(751,169,2),(752,559,9),(753,656,11),(754,883,17),(755,241,6),(756,385,3),(757,172,5),(758,273,13),(759,538,12),(760,718,6),(761,707,13),(762,231,4),(763,298,18),(764,907,6),(765,926,19),(766,972,12),(767,204,8),(768,597,10),(769,431,18),(770,773,20),(771,598,4),(772,302,20),(773,836,11),(774,256,6),(775,761,8),(776,523,11),(777,570,17),(778,495,16),(779,766,1),(780,550,13),(781,706,5),(782,193,6),(783,635,16),(784,5,17),(785,339,20),(786,493,16),(787,287,15),(788,90,5),(789,189,15),(790,454,11),(791,737,1),(792,507,2),(793,817,3),(794,108,5),(795,741,4),(796,61,3),(797,711,2),(798,775,8),(799,358,11),(800,868,2),(801,205,9),(802,814,19),(803,123,11),(804,137,15),(805,927,10),(806,797,1),(807,447,8),(808,240,14),(809,320,18),(810,430,2),(811,527,9),(812,887,18),(813,109,6),(814,171,5),(815,469,15),(816,208,15),(817,286,8),(818,951,13),(819,376,1),(820,649,15),(821,812,3),(822,244,1),(823,722,19),(824,553,19),(825,270,3),(826,326,7),(827,133,7),(828,747,16),(829,525,7),(830,616,13),(831,115,2),(832,271,11),(833,623,13),(834,252,6),(835,689,2),(836,544,19),(837,969,8),(838,985,13),(839,915,5),(840,742,10),(841,873,7),(842,339,7),(843,406,3),(844,767,13),(845,952,16),(846,341,4),(847,83,13),(848,357,10),(849,648,1),(850,248,17),(851,916,9),(852,97,15),(853,639,1),(854,686,19),(855,603,6),(856,178,6),(857,896,12),(858,962,8),(859,698,14),(860,526,5),(861,879,20),(862,456,17),(863,59,3),(864,857,9),(865,525,12),(866,346,7),(867,384,19),(868,666,3),(869,766,16),(870,177,2),(871,834,4),(872,161,2),(873,254,6),(874,609,5),(875,364,14),(876,579,15),(877,375,11),(878,314,10),(879,570,12),(880,188,15),(881,648,7),(882,757,2),(883,582,5),(884,304,1),(885,595,3),(886,345,12),(887,839,2),(888,511,4),(889,980,16),(890,962,20),(891,788,9),(892,689,10),(893,703,20),(894,935,18),(895,160,4),(896,688,11),(897,950,13),(898,441,19),(899,764,16),(900,312,17),(901,378,13),(902,733,3),(903,886,20),(904,275,8),(905,778,3),(906,286,5),(907,605,5),(908,29,20),(909,241,1),(910,222,12),(911,642,20),(912,553,4),(913,332,11),(914,47,17),(915,816,15),(916,744,14),(917,431,15),(918,570,8),(919,546,6),(920,752,10),(921,555,4),(922,822,7),(923,817,13),(924,622,12),(925,368,14),(926,139,11),(927,496,14),(928,884,9),(929,906,1),(930,500,18),(931,792,8),(932,449,13),(933,887,12),(934,928,4),(935,168,12),(936,261,17),(937,731,20),(938,286,17),(939,427,8),(940,199,5),(941,934,7),(942,45,2),(943,59,7),(944,36,17),(945,832,3),(946,188,17),(947,268,7),(948,838,17),(949,361,12),(950,267,19),(951,228,10),(952,337,11),(953,628,18),(954,909,11),(955,322,10),(956,326,16),(957,471,18),(958,609,19),(959,665,8),(960,432,7),(961,414,10),(962,833,6),(963,52,10),(964,168,19),(965,337,16),(966,431,8),(967,6,17),(968,827,11),(969,196,7),(970,713,6),(971,416,1),(972,322,17),(973,656,7),(974,532,10),(975,204,15),(976,419,20),(977,739,20),(978,954,1),(979,104,6),(980,724,18),(981,475,19),(982,737,7),(983,190,9),(984,540,3),(985,985,18),(986,509,14),(987,37,15),(988,975,16),(989,119,6),(990,146,19),(991,933,9),(992,267,20),(993,139,4),(994,9,16),(995,633,4),(996,502,17),(997,159,13),(998,314,3),(999,491,13),(1000,785,11);
/*!40000 ALTER TABLE `StudentClasses` ENABLE KEYS */;
UNLOCK TABLES;

--
-- Table structure for table `StudentGroups`
--

DROP TABLE IF EXISTS `StudentGroups`;
/*!40101 SET @saved_cs_client     = @@character_set_client */;
/*!40101 SET character_set_client = utf8 */;
CREATE TABLE `StudentGroups` (
  `StudentGroupID` int(11) NOT NULL AUTO_INCREMENT,
  `StudentID` int(11) NOT NULL,
  `GroupID` int(11) NOT NULL,
  PRIMARY KEY (`StudentGroupID`),
  KEY `StudentGroups_FK_Students_StudentID` (`StudentID`),
  KEY `StudentGroups_FK_Groups_GroupID` (`GroupID`),
  CONSTRAINT `StudentGroups_FK_Groups_GroupID` FOREIGN KEY (`GroupID`) REFERENCES `Groups` (`GroupID`),
  CONSTRAINT `StudentGroups_FK_Students_StudentID` FOREIGN KEY (`StudentID`) REFERENCES `Students` (`StudentID`)
) ENGINE=InnoDB AUTO_INCREMENT=1001 DEFAULT CHARSET=utf8mb4;
/*!40101 SET character_set_client = @saved_cs_client */;

--
-- Dumping data for table `StudentGroups`
--

LOCK TABLES `StudentGroups` WRITE;
/*!40000 ALTER TABLE `StudentGroups` DISABLE KEYS */;
INSERT INTO `StudentGroups` VALUES (1,966,7),(2,851,6),(3,701,6),(4,583,2),(5,523,3),(6,945,6),(7,972,5),(8,551,1),(9,617,6),(10,496,6),(11,903,7),(12,751,7),(13,414,4),(14,818,6),(15,526,3),(16,171,1),(17,900,3),(18,490,4),(19,695,3),(20,47,2),(21,890,5),(22,734,3),(23,449,1),(24,338,3),(25,82,2),(26,137,3),(27,916,3),(28,930,4),(29,231,2),(30,304,1),(31,837,7),(32,53,3),(33,600,6),(34,333,8),(35,410,1),(36,698,1),(37,30,5),(38,758,6),(39,414,6),(40,511,8),(41,320,6),(42,429,1),(43,756,2),(44,956,1),(45,857,3),(46,410,4),(47,452,4),(49,476,7),(50,333,1),(51,109,5),(52,211,3),(53,165,3),(54,467,3),(55,938,6),(56,190,5),(57,765,3),(58,58,3),(59,757,5),(60,609,2),(61,452,5),(62,806,1),(63,455,2),(64,426,8),(65,255,2),(66,925,5),(67,423,3),(68,788,8),(69,196,8),(70,936,7),(71,712,8),(72,717,1),(73,453,5),(74,603,3),(75,726,1),(76,238,1),(77,814,5),(78,15,3),(79,706,3),(80,85,4),(81,19,1),(82,747,6),(83,299,4),(84,388,4),(85,905,1),(86,569,6),(88,15,7),(89,922,8),(90,733,3),(91,585,1),(92,542,6),(93,691,6),(94,539,2),(95,24,3),(96,987,3),(97,758,5),(98,361,7),(99,300,5),(100,902,4),(101,704,5),(102,522,3),(103,890,8),(104,613,4),(105,386,2),(106,508,8),(107,660,4),(108,76,1),(109,638,5),(110,171,2),(111,869,1),(112,452,6),(113,230,3),(114,744,8),(115,485,1),(116,1,8),(117,10,1),(118,125,1),(119,704,1),(120,167,8),(121,981,7),(122,747,2),(123,653,5),(124,337,2),(125,710,1),(126,660,3),(127,309,5),(128,379,7),(129,772,8),(130,968,5),(131,524,5),(132,959,7),(133,763,3),(135,101,3),(136,906,8),(138,648,2),(139,74,2),(140,195,3),(141,794,5),(142,422,7),(143,270,4),(144,423,7),(145,158,5),(146,493,8),(147,33,1),(148,299,6),(149,21,6),(150,610,2),(151,526,5),(152,532,5),(154,101,2),(155,134,2),(156,71,8),(157,168,5),(158,929,1),(159,908,1),(160,98,5),(161,595,5),(162,601,1),(163,818,8),(165,52,6),(166,778,7),(167,492,3),(168,163,7),(169,913,6),(170,620,5),(171,456,5),(172,661,3),(173,382,6),(174,343,8),(175,535,3),(176,957,7),(177,886,8),(178,115,4),(179,129,2),(180,795,2),(181,581,3),(182,497,7),(183,845,6),(184,964,5),(185,157,2),(187,496,2),(188,177,1),(189,408,2),(190,19,8),(192,455,4),(193,880,7),(194,29,8),(195,443,3),(196,666,2),(197,605,5),(198,550,7),(199,285,6),(200,429,7),(201,337,8),(202,142,1),(203,642,3),(204,907,2),(205,885,2),(206,584,6),(207,810,3),(208,650,3),(209,883,7),(210,735,2),(211,525,6),(212,384,7),(213,479,1),(214,930,1),(215,26,7),(216,506,8),(217,441,6),(218,506,6),(219,674,1),(220,441,7),(221,332,7),(222,101,7),(223,473,7),(224,369,5),(225,600,8),(226,478,8),(227,120,2),(228,600,3),(229,140,5),(230,555,5),(231,893,6),(232,260,1),(233,2,7),(234,903,2),(235,422,6),(236,608,3),(237,701,1),(238,761,2),(239,502,4),(240,51,2),(241,516,5),(242,579,6),(243,407,5),(244,912,6),(245,924,4),(246,977,5),(247,368,1),(248,615,8),(249,694,5),(250,778,2),(251,852,5),(252,101,1),(253,47,7),(254,714,6),(255,626,6),(256,212,6),(257,858,1),(258,687,3),(259,464,5),(261,598,5),(262,204,6),(263,231,5),(264,934,5),(265,856,1),(266,652,1),(267,936,6),(268,792,7),(270,926,3),(271,718,5),(272,168,7),(273,192,1),(274,461,8),(275,896,7),(276,395,1),(277,51,1),(278,391,4),(279,413,6),(280,809,6),(281,661,6),(283,322,7),(285,309,1),(286,825,5),(287,769,7),(288,571,7),(289,435,4),(290,153,2),(291,733,4),(292,709,5),(293,707,4),(294,37,8),(295,227,4),(296,337,4),(297,13,5),(298,646,1),(299,532,6),(300,261,1),(301,572,1),(302,810,2),(303,124,7),(305,801,8),(306,845,1),(307,762,8),(309,676,2),(310,411,1),(311,592,4),(312,50,4),(313,496,1),(314,316,7),(315,541,5),(316,491,4),(317,636,4),(318,899,6),(319,545,2),(320,476,2),(321,543,7),(322,146,7),(323,587,2),(324,786,7),(325,8,5),(326,843,8),(328,231,1),(329,228,3),(330,21,7),(331,126,7),(332,325,8),(334,78,4),(335,618,8),(337,418,8),(338,378,5),(339,542,1),(341,325,3),(342,869,2),(344,352,6),(345,155,8),(346,773,1),(347,936,1),(348,891,8),(349,66,6),(350,138,4),(351,549,6),(352,825,2),(353,178,2),(354,206,1),(355,746,1),(356,3,5),(357,237,2),(358,793,7),(359,846,2),(360,413,1),(361,513,3),(362,273,4),(363,993,2),(364,676,8),(365,617,4),(366,209,2),(367,888,5),(368,4,4),(369,847,5),(370,130,6),(371,317,1),(372,518,4),(373,842,4),(374,546,5),(375,291,1),(376,384,6),(377,182,2),(378,516,4),(379,199,3),(381,107,5),(382,126,4),(383,851,7),(384,161,5),(386,195,8),(387,603,1),(388,198,8),(389,907,7),(390,232,3),(391,282,3),(392,451,3),(393,363,7),(394,10,3),(395,807,7),(396,1,6),(397,421,6),(398,69,1),(399,244,5),(400,882,3),(401,577,3),(402,350,2),(403,679,5),(404,710,3),(405,933,4),(406,542,7),(407,257,6),(408,819,3),(409,276,8),(410,709,4),(411,648,1),(412,148,5),(413,831,6),(414,745,6),(415,562,8),(416,308,2),(417,879,3),(418,957,8),(419,133,3),(420,739,2),(421,974,1),(422,787,6),(423,899,5),(424,556,8),(426,524,2),(427,283,4),(428,690,3),(429,549,5),(430,592,8),(431,700,3),(432,973,1),(433,16,7),(434,784,8),(435,718,6),(436,698,2),(437,244,8),(438,535,4),(439,932,7),(440,918,1),(441,811,8),(442,556,1),(443,920,1),(444,165,7),(446,415,2),(447,730,7),(448,693,2),(449,843,5),(450,806,2),(451,375,8),(452,632,4),(453,381,8),(455,195,7),(456,846,3),(457,478,3),(458,524,1),(459,953,6),(460,192,5),(461,60,7),(462,228,8),(463,210,6),(464,177,4),(465,632,8),(466,391,5),(467,344,3),(468,900,2),(469,560,1),(471,559,7),(473,820,5),(474,428,5),(475,427,7),(476,830,6),(477,370,7),(478,156,1),(479,348,8),(480,656,2),(481,285,2),(482,890,1),(483,988,3),(484,182,1),(485,141,5),(487,737,3),(488,687,1),(489,508,3),(491,382,8),(492,69,4),(493,696,2),(494,393,3),(495,175,6),(496,680,6),(497,622,5),(498,27,5),(499,113,4),(500,266,7),(501,982,5),(502,16,4),(503,783,6),(504,188,4),(505,139,8),(506,879,6),(507,717,4),(508,962,8),(509,123,8),(510,818,1),(511,51,7),(512,732,4),(513,429,5),(514,312,2),(515,808,6),(516,351,7),(517,668,3),(518,292,7),(519,774,2),(520,409,6),(521,509,2),(522,610,8),(523,891,2),(524,927,3),(525,121,7),(526,375,1),(527,155,1),(528,745,5),(529,884,6),(530,13,6),(531,980,2),(532,871,8),(533,35,6),(534,999,8),(535,209,5),(536,670,7),(537,559,8),(538,647,3),(539,998,7),(540,175,8),(541,210,8),(542,802,6),(543,178,8),(544,58,8),(545,361,8),(546,75,6),(547,119,4),(548,863,7),(549,865,2),(550,795,4),(551,93,5),(552,20,2),(553,187,2),(554,972,8),(557,514,8),(558,331,6),(559,423,2),(560,435,5),(562,803,8),(563,939,5),(564,726,7),(565,340,8),(566,911,4),(567,281,6),(568,624,2),(569,752,6),(570,945,6),(571,790,8),(572,682,6),(573,779,4),(575,607,8),(576,981,6),(577,1000,5),(578,100,4),(579,607,5),(580,860,3),(581,892,4),(582,99,3),(583,714,4),(584,93,6),(585,212,7),(586,32,2),(587,475,6),(588,618,2),(589,716,2),(590,114,5),(591,427,5),(593,311,1),(594,900,6),(595,291,2),(596,92,7),(597,190,8),(598,803,6),(599,748,5),(600,723,3),(601,996,2),(602,558,5),(604,99,6),(605,266,4),(606,391,2),(607,943,8),(609,193,1),(610,236,4),(611,191,4),(612,355,4),(613,558,4),(614,691,3),(615,536,4),(616,611,1),(617,758,7),(618,784,4),(619,861,5),(620,678,1),(623,625,5),(624,851,8),(625,713,5),(626,87,5),(627,705,4),(628,190,7),(630,95,1),(632,246,6),(633,383,4),(634,750,5),(636,544,3),(637,119,2),(638,47,6),(639,843,2),(641,424,6),(642,735,4),(643,957,1),(644,339,4),(645,153,5),(647,815,1),(648,229,3),(649,239,5),(650,382,2),(651,98,6),(652,442,5),(653,972,1),(654,102,2),(655,79,4),(656,149,4),(657,598,2),(658,342,5),(659,749,2),(660,502,1),(661,620,8),(662,55,7),(663,802,3),(664,527,8),(665,642,7),(666,352,7),(667,719,2),(668,959,6),(669,536,3),(670,200,8),(671,592,5),(672,817,2),(673,485,6),(674,645,5),(675,834,5),(676,82,4),(677,741,4),(678,581,4),(679,688,6),(680,424,3),(681,270,7),(682,284,1),(683,125,6),(684,844,4),(685,555,1),(686,473,1),(687,488,5),(688,959,3),(689,251,8),(690,783,2),(691,857,1),(692,597,5),(693,711,5),(694,576,7),(695,455,6),(696,324,1),(698,993,8),(699,384,8),(700,72,3),(701,458,2),(702,906,4),(703,979,7),(704,768,1),(705,112,7),(706,604,3),(707,628,6),(708,398,4),(709,920,4),(710,226,8),(712,467,4),(713,146,8),(714,989,5),(715,799,7),(716,74,7),(717,145,7),(718,637,2),(719,743,8),(720,742,4),(721,667,6),(722,5,2),(723,811,4),(724,167,3),(725,828,1),(726,446,5),(727,784,7),(728,904,5),(729,35,8),(730,72,6),(731,373,3),(732,455,1),(733,988,7),(734,776,4),(735,877,1),(736,316,6),(737,537,7),(739,293,4),(740,327,2),(741,500,4),(742,302,8),(743,208,8),(744,676,6),(745,166,4),(746,979,4),(747,685,8),(748,469,1),(749,218,8),(750,152,4),(751,681,7),(752,147,6),(753,196,6),(755,565,3),(756,389,4),(757,241,1),(758,477,6),(759,387,4),(760,307,2),(761,312,8),(762,416,5),(763,593,2),(764,445,2),(765,105,8),(766,333,2),(767,960,2),(768,341,6),(769,243,6),(771,498,5),(773,60,2),(775,399,6),(776,794,7),(777,135,8),(778,104,3),(780,177,3),(781,898,8),(782,484,6),(783,832,8),(785,812,5),(786,501,8),(787,421,4),(788,533,2),(789,499,2),(790,239,4),(792,957,2),(793,610,6),(794,266,1),(795,393,8),(796,78,2),(797,621,5),(798,92,2),(799,576,8),(800,203,1),(801,577,5),(803,353,7),(804,416,3),(805,705,7),(806,566,2),(807,695,1),(808,563,8),(809,246,4),(810,595,1),(811,945,7),(812,781,6),(813,212,5),(815,364,4),(816,158,6),(817,849,5),(819,134,3),(820,865,5),(821,430,4),(822,300,1),(823,354,6),(824,131,3),(826,419,4),(827,62,2),(829,493,5),(830,284,7),(831,246,2),(832,650,4),(833,697,1),(834,225,7),(835,692,5),(836,311,4),(837,708,2),(838,504,7),(840,596,2),(841,23,7),(842,107,7),(843,271,6),(844,142,4),(846,403,8),(847,283,2),(848,305,1),(849,585,6),(850,655,5),(851,796,7),(852,261,5),(853,462,5),(854,178,5),(855,875,3),(856,586,8),(857,847,8),(858,621,8),(859,45,2),(860,531,7),(861,820,2),(862,944,3),(863,341,3),(864,943,3),(865,622,4),(866,364,6),(868,167,5),(869,425,4),(871,213,6),(872,885,8),(873,463,5),(874,733,5),(876,201,5),(877,969,4),(878,457,8),(879,110,3),(880,930,5),(881,164,1),(883,807,6),(885,690,4),(886,3,7),(887,972,1),(889,364,5),(890,526,8),(891,768,5),(892,715,1),(893,945,3),(894,102,8),(895,183,5),(896,859,1),(897,321,5),(898,222,4),(899,416,8),(900,55,6),(901,724,8),(902,51,4),(903,27,3),(904,269,1),(905,622,1),(906,441,1),(907,398,1),(908,819,4),(909,146,2),(910,117,5),(911,303,1),(912,356,1),(913,724,3),(914,668,7),(915,25,5),(916,269,3),(918,591,3),(919,453,3),(920,764,4),(921,423,8),(922,696,1),(923,609,4),(924,1,7),(925,782,8),(927,846,4),(928,960,8),(930,684,5),(931,281,7),(932,596,4),(933,927,5),(934,891,3),(935,951,8),(936,16,1),(937,33,8),(938,450,6),(939,241,2),(940,627,7),(941,187,3),(942,1000,6),(943,406,3),(944,150,3),(945,687,5),(946,919,4),(947,943,4),(948,337,5),(949,84,3),(951,520,7),(952,386,3),(953,694,3),(954,216,7),(955,932,3),(956,827,3),(957,697,5),(958,615,4),(960,821,2),(962,557,4),(963,847,3),(964,472,4),(965,210,2),(966,998,2),(967,906,2),(968,905,6),(969,1000,2),(970,727,1),(971,394,3),(972,2,6),(973,591,1),(974,989,2),(975,48,5),(976,431,2),(978,478,1),(979,756,6),(980,767,1),(981,560,7),(982,374,5),(983,179,2),(984,849,3),(985,202,7),(986,545,3),(987,650,6),(990,797,2),(991,225,4),(992,574,1),(994,709,1),(996,210,3),(998,199,1),(999,222,2),(1000,793,1);
/*!40000 ALTER TABLE `StudentGroups` ENABLE KEYS */;
UNLOCK TABLES;

--
-- Table structure for table `Students`
--

DROP TABLE IF EXISTS `Students`;
/*!40101 SET @saved_cs_client     = @@character_set_client */;
/*!40101 SET character_set_client = utf8 */;
CREATE TABLE `Students` (
  `StudentID` int(11) NOT NULL AUTO_INCREMENT,
  `Name` varchar(20) NOT NULL,
  `Surname` varchar(30) DEFAULT NULL,
  `Birthday` date NOT NULL,
  `Phone` varchar(14) NOT NULL,
  `Email` varchar(40) NOT NULL,
  `Address` varchar(50) NOT NULL,
  PRIMARY KEY (`StudentID`),
  UNIQUE KEY `Email` (`Email`)
) ENGINE=InnoDB AUTO_INCREMENT=6652 DEFAULT CHARSET=utf8mb4;
/*!40101 SET character_set_client = @saved_cs_client */;

--
-- Dumping data for table `Students`
--

LOCK TABLES `Students` WRITE;
/*!40000 ALTER TABLE `Students` DISABLE KEYS */;
INSERT INTO `Students` VALUES (1,'Craig','Seleway','2011-12-23','379-241-0831','cseleway0@uol.com.br','413 Eagle Crest Parkway'),(2,'Virgie','Mulrenan','1999-11-09','294-404-5468','vmulrenan1@scientificamerican.com','9213 Armistice Junction'),(3,'Morgan','Kleis','1991-09-26','410-945-6125','mkleis2@is.gd','27537 Victoria Avenue'),(4,'Putnam','Fitchell','2003-10-09','196-750-2732','pfitchell3@deliciousdays.com','08636 Sommers Lane'),(5,'Barry','Beeken','2013-02-26','476-273-9797','bbeeken4@forbes.com','80824 Sunfield Drive'),(6,'Kendell','Jolley','1995-07-03','935-934-4356','kjolley5@g.co','5 Montana Place'),(7,'Alvie','Bumphries','1991-03-20','236-836-9959','abumphries6@netlog.com','36559 Cottonwood Lane'),(8,'Boycie','Dignan','2005-03-11','626-724-9089','bdignan7@gov.uk','2 Welch Park'),(9,'Griswold','Scutter','1987-03-04','123-869-2357','gscutter8@bbb.org','14 Monument Center'),(10,'Anica','McWhin','1990-09-08','302-368-1593','amcwhin9@sfgate.com','09 Duke Way'),(11,'Randi','Bloss','2010-01-10','686-400-6343','rblossa@eepurl.com','3 Summer Ridge Lane'),(12,'Silvain','Rolin','2002-01-02','730-392-2589','srolinb@canalblog.com','869 Reinke Court'),(13,'Hagen','Endicott','2011-02-05','491-421-4368','hendicottc@over-blog.com','558 Grayhawk Pass'),(14,'Shem','Marshland','2001-10-17','375-910-0263','smarshlandd@bbc.co.uk','93186 Pleasure Lane'),(15,'Haywood','Meanwell','1990-08-02','411-805-9844','hmeanwelle@shinystat.com','47381 Talisman Pass'),(16,'Romola','Lingfoot','1996-03-19','995-780-7013','rlingfootf@a8.net','5494 High Crossing Court'),(17,'Giffer','Overall','2010-12-04','279-228-8787','goverallg@jigsy.com','4 Toban Parkway'),(18,'Bram','Bartolijn','2009-06-10','974-801-5777','bbartolijnh@miitbeian.gov.cn','36 Garrison Park'),(19,'Monti','Consterdine','2012-09-05','281-502-5789','mconsterdinei@photobucket.com','385 Barby Crossing'),(20,'Janette','Treharne','1996-11-19','435-617-3197','jtreharnej@sakura.ne.jp','04 Menomonie Trail'),(21,'Freedman','Isaak','2001-02-03','666-935-3023','fisaakk@gov.uk','93634 Tennyson Street'),(22,'Dov','Gozney','2012-06-24','630-697-7253','dgozneyl@topsy.com','144 Vera Drive'),(23,'Cletis','Polson','2010-02-11','144-810-0339','cpolsonm@unc.edu','8682 Iowa Court'),(24,'Putnam','Poleykett','2009-02-10','662-100-7110','ppoleykettn@craigslist.org','0471 Esch Hill'),(25,'Viola','Skoggins','1987-02-09','361-891-1189','vskogginso@telegraph.co.uk','782 Chive Pass'),(26,'Dyann','Warmisham','1985-02-18','408-406-4101','dwarmishamp@deviantart.com','075 Dwight Crossing'),(27,'Hermon','Babinski','2014-11-30','344-832-8856','hbabinskiq@who.int','19 Fulton Center'),(28,'Lucretia','Zupone','1994-06-09','497-344-8702','lzuponer@jiathis.com','66881 Waywood Road'),(29,'Prissie','Joska','1992-01-23','491-712-4829','pjoskas@reddit.com','678 Hudson Pass'),(30,'Blake','Maulkin','1990-12-19','813-358-2337','bmaulkint@wunderground.com','3 Miller Trail'),(31,'Maisey','Triplow','2005-05-06','307-782-0748','mtriplowu@google.pl','1522 Esch Avenue'),(32,'Randa','Brizell','2004-10-09','517-708-6308','rbrizellv@auda.org.au','7 Shopko Circle'),(33,'Killian','Lumsdale','2005-07-08','868-943-2189','klumsdalew@unicef.org','4655 Hansons Avenue'),(34,'Nannette','Widdop','2006-10-29','595-110-6258','nwiddopx@about.com','23226 Johnson Circle'),(35,'Hallsy','Guillond','2007-12-05','667-882-3771','hguillondy@mtv.com','004 Messerschmidt Terrace'),(36,'Kelcie','Willoughway','1992-08-05','635-810-7457','kwilloughwayz@indiatimes.com','52 Johnson Crossing'),(37,'Yank','Menat','1988-02-26','425-636-0841','ymenat10@wikia.com','460 Ramsey Avenue'),(38,'Clarke','Brasener','1991-09-19','640-163-4332','cbrasener11@amazon.com','1052 Russell Road'),(39,'Rollo','Simunek','1987-06-06','929-928-1242','rsimunek12@independent.co.uk','7 Graedel Parkway'),(40,'Falkner','Garatty','2012-04-09','477-688-8654','fgaratty13@ucsd.edu','962 1st Alley'),(41,'Fitzgerald','Bruckman','2006-01-14','736-712-1239','fbruckman14@mail.ru','17 Coleman Plaza'),(42,'Rozele','Spur','2000-02-02','756-660-4072','rspur15@gnu.org','51092 Myrtle Park'),(43,'Job','Trittam','1992-05-17','173-800-5643','jtrittam16@i2i.jp','5 Del Sol Road'),(44,'Marylee','Mahady','1989-09-12','778-454-3611','mmahady17@usgs.gov','76 Continental Junction'),(45,'Haskel','Semmens','2006-07-10','136-722-9218','hsemmens18@lycos.com','8322 Cardinal Circle'),(46,'Larissa','Widd','1993-08-06','472-784-9356','lwidd19@wsj.com','94 Anhalt Road'),(47,'Laughton','Starrs','2002-11-07','319-284-3139','lstarrs1a@webnode.com','576 Linden Road'),(48,'Davina','Enston','2000-05-01','561-515-9509','denston1b@kickstarter.com','4669 Mallard Hill'),(49,'Sileas','Walstow','2007-05-27','914-339-1094','swalstow1c@uol.com.br','277 Bluestem Circle'),(50,'Francis','Brixey','1991-08-23','663-183-4884','fbrixey1d@sohu.com','182 Crescent Oaks Avenue'),(51,'Fanya','Cassells','1995-02-13','250-977-0104','fcassells1e@delicious.com','52088 Leroy Alley'),(52,'Fergus','Copestick','2015-08-05','596-134-7838','fcopestick1f@miibeian.gov.cn','2 Fallview Lane'),(53,'Anita','Conradsen','2016-06-17','731-423-9623','aconradsen1g@stanford.edu','32 Mandrake Circle'),(54,'Shandra','Faivre','1999-07-10','297-188-1253','sfaivre1h@archive.org','33680 Butterfield Alley'),(55,'Franchot','Gogie','2009-06-12','921-197-8478','fgogie1i@ow.ly','95097 Artisan Lane'),(56,'Hynda','Blethyn','2015-09-11','418-224-8639','hblethyn1j@hhs.gov','1734 Farragut Circle'),(57,'Herbie','Cathee','1999-12-28','784-666-7719','hcathee1k@1und1.de','114 Westerfield Junction'),(58,'Sadella','Fance','1996-12-27','282-848-9550','sfance1l@nationalgeographic.com','868 Crownhardt Crossing'),(59,'Eulalie','Wasteney','1991-04-03','251-619-3559','ewasteney1m@blinklist.com','9742 Golf Terrace'),(60,'Cazzie','Cattermoul','1987-04-18','107-820-0168','ccattermoul1n@reuters.com','333 Claremont Pass'),(61,'Terri','Jannasch','2013-01-24','630-362-8783','tjannasch1o@sourceforge.net','23351 North Circle'),(62,'Christen','McArdell','1997-08-20','686-330-6676','cmcardell1p@webnode.com','47 Delladonna Center'),(63,'Gal','Benstead','2016-09-04','621-634-0316','gbenstead1q@unesco.org','26019 West Crossing'),(64,'Taddeo','Biffin','1994-03-12','760-580-0844','tbiffin1r@gravatar.com','75865 Towne Park'),(65,'Sayer','McNerlin','2014-06-30','446-791-2046','smcnerlin1s@sbwire.com','0 Browning Center'),(66,'Josi','Korneluk','1993-05-11','742-325-0420','jkorneluk1t@google.co.jp','38 Talisman Place'),(67,'Stacy','Macari','2003-08-27','618-971-5535','smacari1u@exblog.jp','502 Park Meadow Trail'),(68,'Waldemar','Greene','1991-07-31','892-622-9309','wgreene1v@youtu.be','373 Shopko Alley'),(69,'Taber','Mingotti','1998-01-28','117-623-3786','tmingotti1w@umich.edu','9 Columbus Circle'),(70,'Breena','Gilham','1989-04-03','325-316-2081','bgilham1x@godaddy.com','645 Vernon Avenue'),(71,'Matthaeus','Doget','1999-08-25','656-385-8333','mdoget1y@blogs.com','6 Hoard Plaza'),(72,'Max','Bagby','2006-07-25','891-159-0864','mbagby1z@pen.io','5 Eastwood Plaza'),(73,'Darrick','Avrahamoff','2009-01-13','948-483-2372','davrahamoff20@paginegialle.it','0666 Hintze Alley'),(74,'Audry','Bruyet','1993-05-06','666-654-7616','abruyet21@umich.edu','02046 Bunker Hill Street'),(75,'Carlotta','Whitaker','1994-10-12','223-363-1887','cwhitaker22@phoca.cz','6366 Eggendart Point'),(76,'Dorie','Skipping','2003-02-20','888-724-4956','dskipping23@cnet.com','04 Kennedy Road'),(77,'Benson','McGragh','2012-11-13','575-502-3958','bmcgragh24@linkedin.com','1 Dottie Parkway'),(78,'Shanna','Sposito','1999-10-27','351-831-4208','ssposito25@yellowbook.com','7 Blaine Street'),(79,'Levi','Dewing','2013-11-24','815-880-2422','ldewing26@nytimes.com','4518 Loomis Pass'),(80,'Mommy','Relfe','1990-09-27','928-868-3964','mrelfe27@geocities.com','52796 Anthes Point'),(81,'Allan','Lanigan','2001-05-28','351-132-9370','alanigan28@blog.com','4776 Oak Junction'),(82,'Lazarus','Fallows','2005-04-01','113-487-4457','lfallows29@slideshare.net','38490 Pennsylvania Alley'),(83,'Lynnelle','Whistance','2001-09-28','708-434-5326','lwhistance2a@google.nl','1 Welch Park'),(84,'Gracia','Riccetti','2013-07-28','997-240-2822','griccetti2b@amazon.de','3368 Huxley Lane'),(85,'Marie-ann','Roome','1986-12-22','522-136-0616','mroome2c@skype.com','80504 Homewood Crossing'),(86,'Delaney','Fallawe','2003-02-06','867-375-3470','dfallawe2d@mapquest.com','31473 Lakewood Point'),(87,'Kerr','Ferenczy','2003-07-11','675-650-0562','kferenczy2e@infoseek.co.jp','7382 Hovde Place'),(88,'Carmelita','Gratten','2010-01-11','345-321-1448','cgratten2f@gizmodo.com','2509 Buell Junction'),(89,'Maribelle','Velde','1996-11-27','228-147-7924','mvelde2g@usgs.gov','553 Gateway Point'),(90,'Dionysus','Casely','1997-04-18','220-612-0938','dcasely2h@amazon.com','33273 Gina Street'),(91,'Bay','Shevlane','2002-10-31','335-253-0972','bshevlane2i@google.pl','22 Caliangt Way'),(92,'Brose','Gruby','1986-08-07','630-252-5611','bgruby2j@reference.com','71 Charing Cross Junction'),(93,'Ertha','Erwin','1999-04-11','773-457-3258','eerwin2k@google.it','27177 Monica Hill'),(94,'Petunia','Zorro','2005-12-16','919-793-4476','pzorro2l@dailymotion.com','181 Center Circle'),(95,'Wren','Perell','1992-12-14','203-400-9667','wperell2m@japanpost.jp','6324 Arkansas Crossing'),(96,'Brooke','Stredwick','1986-07-24','685-983-6461','bstredwick2n@tiny.cc','9 Village Point'),(97,'Salli','Kabos','1988-10-26','964-481-2585','skabos2o@virginia.edu','0 Rutledge Street'),(98,'Granny','Bruggen','1989-02-06','998-325-9997','gbruggen2p@disqus.com','536 Linden Way'),(99,'Jobie','Renne','2012-07-28','631-785-7309','jrenne2q@google.cn','4638 Northland Trail'),(100,'Graehme','Domange','2004-03-08','312-703-2180','gdomange2r@state.tx.us','94 Claremont Alley'),(101,'Catlaina','Bleddon','2007-07-23','205-731-0918','cbleddon2s@miitbeian.gov.cn','61651 Veith Center'),(102,'Mireille','Shorthouse','2004-12-08','111-284-1408','mshorthouse2t@godaddy.com','0057 Farmco Road'),(103,'Dugald','Devers','1995-01-21','713-527-4197','ddevers2u@mozilla.org','81 Coolidge Park'),(104,'Adolphe','Vivians','1989-09-18','932-419-4814','avivians2v@admin.ch','870 Glacier Hill Hill'),(105,'Jacques','Careswell','2003-11-02','128-588-1838','jcareswell2w@sitemeter.com','590 La Follette Lane'),(106,'Yehudit','Blaw','1996-05-12','648-211-7778','yblaw2x@businessinsider.com','71510 Ohio Parkway'),(107,'Walden','Nolot','2004-02-19','627-625-2041','wnolot2y@mapquest.com','8512 Dahle Avenue'),(108,'Sena','Gaucher','1988-11-03','400-582-3404','sgaucher2z@woothemes.com','5175 Orin Alley'),(109,'Simon','Moyles','1988-03-04','652-465-8731','smoyles30@desdev.cn','5607 Sloan Place'),(110,'Obediah','Northing','1998-10-15','998-359-8371','onorthing31@addthis.com','4156 Oneill Way'),(111,'Gery','Ohrtmann','2007-03-10','967-899-0704','gohrtmann32@state.tx.us','23 Sachs Crossing'),(112,'Fey','Gosforth','1990-01-21','370-335-9227','fgosforth33@taobao.com','636 Dovetail Avenue'),(113,'Warden','Sevin','1997-12-05','250-200-5210','wsevin34@imageshack.us','65532 Warrior Parkway'),(114,'Daffy','Cursey','1998-07-04','631-213-1826','dcursey35@domainmarket.com','42160 Steensland Lane'),(115,'Lonny','Tharme','1991-09-24','715-719-4895','ltharme36@nbcnews.com','10701 Cordelia Pass'),(116,'Korie','Stiegar','2002-07-05','961-607-0961','kstiegar37@engadget.com','1 Oak Court'),(117,'Zaria','Clitherow','1999-06-18','573-607-6481','zclitherow38@alexa.com','6031 8th Road'),(118,'Casandra','Sebert','2007-10-09','519-370-1519','csebert39@wikipedia.org','89 Hanover Street'),(119,'Whitney','Bavridge','2000-07-26','207-912-5866','wbavridge3a@reuters.com','475 Sunfield Street'),(120,'Aidan','Aspital','2011-03-05','365-344-8525','aaspital3b@sohu.com','2 Marquette Alley'),(121,'Uri','Cardenas','1997-11-22','442-604-7536','ucardenas3c@wix.com','4960 North Trail'),(122,'Nobe','Wrotchford','2003-02-21','728-130-3720','nwrotchford3d@nsw.gov.au','920 Hoepker Pass'),(123,'Zak','Garmston','1990-04-09','749-718-9637','zgarmston3e@shareasale.com','782 Miller Terrace'),(124,'Danya','Knowlman','1994-02-12','435-877-2494','dknowlman3f@washington.edu','169 Susan Way'),(125,'Berget','Sandeman','2003-12-04','533-343-0544','bsandeman3g@blogspot.com','3 Claremont Trail'),(126,'Alika','Calderon','2013-03-01','613-547-2528','acalderon3h@apache.org','29 Jenna Place'),(127,'Doralyn','Dalliston','1995-08-18','505-220-4357','ddalliston3i@freewebs.com','1717 Linden Drive'),(128,'Corty','Gealy','2010-07-19','700-177-7848','cgealy3j@vistaprint.com','34 Valley Edge Park'),(129,'Misti','Zywicki','1994-01-23','791-863-1262','mzywicki3k@vk.com','1379 Moland Place'),(130,'Angy','Ginsie','2013-03-10','957-858-2790','aginsie3l@sakura.ne.jp','38 8th Center'),(131,'Peyton','Geater','2003-02-19','734-850-7976','pgeater3m@ehow.com','9653 Warner Pass'),(132,'Robinia','Deniset','2003-04-22','564-659-5912','rdeniset3n@cdc.gov','9836 Dryden Court'),(133,'Wilow','Jachimczak','2006-09-08','171-173-4039','wjachimczak3o@alibaba.com','79 Spohn Lane'),(134,'Tiena','Yakunkin','1989-05-07','980-246-7943','tyakunkin3p@baidu.com','149 Arizona Way'),(135,'Anitra','Le Breton De La Vieuville','2003-05-06','687-458-7385','alebretondelavieuville3q@gizmodo.com','4989 Commercial Circle'),(136,'Chantalle','Hunston','1990-03-22','447-111-0331','chunston3r@cisco.com','32246 Union Crossing'),(137,'Janey','Ick','2007-12-27','613-486-5768','jick3s@ebay.com','1 Michigan Way'),(138,'Joann','Flaunders','2016-05-17','541-235-8133','jflaunders3t@upenn.edu','8 Sloan Point'),(139,'Marlee','Harrema','2012-11-22','692-997-1027','mharrema3u@infoseek.co.jp','469 Loomis Center'),(140,'Berti','Fadell','1992-06-05','968-797-5691','bfadell3v@yahoo.co.jp','78373 Kropf Lane'),(141,'Joleen','Jarritt','2006-03-24','242-713-8046','jjarritt3w@stanford.edu','5192 Hanson Lane'),(142,'Dasie','Keddle','1990-09-29','224-756-8222','dkeddle3x@yelp.com','984 Warrior Avenue'),(143,'Dana','Southgate','1990-07-18','242-146-6592','dsouthgate3y@whitehouse.gov','1 Killdeer Trail'),(144,'Marigold','Dongall','1995-03-26','730-549-9455','mdongall3z@time.com','07 3rd Center'),(145,'Albertina','Careswell','2001-11-26','144-989-3120','acareswell40@discovery.com','525 Sachs Court'),(146,'Leonardo','Fettis','1990-02-04','708-386-9232','lfettis41@army.mil','3213 American Avenue'),(147,'Philly','Morshead','2005-12-02','558-763-1513','pmorshead42@marketwatch.com','226 Victoria Trail'),(148,'Roxie','Manoch','2003-03-13','797-952-7517','rmanoch43@so-net.ne.jp','74 Chinook Park'),(149,'Lettie','Harkes','2016-04-27','621-494-5288','lharkes44@taobao.com','61 Ridgeview Parkway'),(150,'Morris','Wilbor','2004-11-01','936-402-6145','mwilbor45@sohu.com','64 Corry Avenue'),(151,'Guillermo','Moreing','2007-03-24','625-561-6464','gmoreing46@about.com','143 Pond Circle'),(152,'Prue','Waylett','2009-03-10','360-821-9355','pwaylett47@scribd.com','4 Montana Circle'),(153,'Patience','Maunders','2014-11-01','868-581-8073','pmaunders48@dell.com','85 Elka Terrace'),(154,'Any','Crohan','1989-05-10','126-225-4138','acrohan49@hp.com','225 Jana Crossing'),(155,'Loree','Virgo','1996-09-25','599-780-4333','lvirgo4a@independent.co.uk','53 High Crossing Way'),(156,'Griffith','Cheves','2015-10-11','133-645-5719','gcheves4b@about.me','05068 Delaware Circle'),(157,'Reginauld','Leyes','1986-07-13','457-450-1059','rleyes4c@bluehost.com','8 Algoma Avenue'),(158,'Tressa','Proud','1988-04-15','513-170-2028','tproud4d@hibu.com','301 Mendota Court'),(159,'Adelle','Fogarty','1992-01-15','538-405-0887','afogarty4e@sitemeter.com','7 Moland Junction'),(160,'Fianna','Baile','1991-02-26','303-755-6464','fbaile4f@macromedia.com','8 4th Way'),(161,'Sherie','Robatham','1987-07-02','408-834-6076','srobatham4g@hhs.gov','060 Rigney Street'),(162,'Humberto','Losty','1988-03-18','275-864-2616','hlosty4h@berkeley.edu','31630 Hooker Center'),(163,'Merrielle','Godfroy','2015-02-27','589-826-1761','mgodfroy4i@google.de','10 Lillian Place'),(164,'Wayland','Waistall','2004-08-06','518-248-9332','wwaistall4j@cbc.ca','552 Dapin Lane'),(165,'Anny','Gregol','1998-05-24','168-662-0962','agregol4k@wikispaces.com','57 Delladonna Terrace'),(166,'Ardella','Bythway','2014-05-02','946-405-2825','abythway4l@issuu.com','85 Hanson Street'),(167,'Perl','Tingey','2004-03-04','724-219-4344','ptingey4m@fotki.com','6 Clemons Place'),(168,'Ava','Dalgliesh','2005-11-30','344-375-1016','adalgliesh4n@lycos.com','684 Lindbergh Hill'),(169,'Marcellina','Blaxley','2004-12-13','773-694-0471','mblaxley4o@nih.gov','30 Reindahl Terrace'),(170,'Rosemonde','Rove','1986-08-07','442-479-0702','rrove4p@myspace.com','349 Montana Center'),(171,'Leeland','Holah','2007-04-10','342-935-6404','lholah4q@bandcamp.com','655 Miller Road'),(172,'Tessie','Antonsson','2006-12-28','815-948-3904','tantonsson4r@friendfeed.com','13 Mcbride Point'),(173,'Xymenes','Erasmus','1995-10-19','858-643-3799','xerasmus4s@diigo.com','8 Fallview Pass'),(174,'Ruttger','Lyness','2002-03-24','346-288-4928','rlyness4t@ycombinator.com','39 Birchwood Center'),(175,'Nap','Crinkley','1998-12-28','742-687-6362','ncrinkley4u@google.com.au','6 Tennyson Place'),(176,'Carola','Purkess','2003-12-24','902-510-2887','cpurkess4v@amazon.co.jp','1 Northland Street'),(177,'Lizbeth','Farfolomeev','1988-02-06','227-246-9634','lfarfolomeev4w@twitter.com','53139 Dorton Street'),(178,'Dierdre','Finnis','2008-06-08','548-873-7822','dfinnis4x@jimdo.com','9 Washington Circle'),(179,'Kurt','Blei','2014-11-29','404-764-8689','kblei4y@mozilla.org','4380 Shasta Way'),(180,'Ellette','Southon','2000-08-22','822-901-6583','esouthon4z@marketwatch.com','450 Maple Wood Trail'),(181,'Minette','Beeden','2002-08-12','463-140-2146','mbeeden50@ameblo.jp','2065 Paget Place'),(182,'Andrew','Morley','2001-08-03','593-160-7666','amorley51@amazon.com','05106 1st Park'),(183,'Bartholomeus','Duckitt','2002-12-01','409-783-7492','bduckitt52@webs.com','9073 Division Street'),(184,'Benoite','Mattheeuw','2000-11-15','964-726-1001','bmattheeuw53@xing.com','7 Hazelcrest Junction'),(185,'Hamil','Lackington','2003-11-26','645-139-8705','hlackington54@sphinn.com','95 Morningstar Hill'),(186,'Jereme','Keme','2009-05-17','145-769-7017','jkeme55@redcross.org','2909 Bunting Parkway'),(187,'Prudence','Sinnie','2011-07-05','350-395-4956','psinnie56@woothemes.com','00 Hansons Pass'),(188,'Matthus','Morshead','1999-05-28','545-705-7479','mmorshead57@moonfruit.com','38453 Gale Parkway'),(189,'Erv','Arniz','2000-11-20','833-315-4186','earniz58@blogtalkradio.com','6204 Del Mar Pass'),(190,'Bobinette','Shaudfurth','1996-10-05','875-145-2201','bshaudfurth59@php.net','6 Iowa Circle'),(191,'Patin','Driscoll','2011-09-17','114-701-9705','pdriscoll5a@is.gd','68506 Prentice Drive'),(192,'Patrick','Bugbird','2010-07-23','591-599-8154','pbugbird5b@over-blog.com','808 Jenna Plaza'),(193,'Dyana','McPaik','2010-09-16','843-246-2471','dmcpaik5c@dot.gov','599 Mayfield Place'),(194,'Bev','Finnimore','2005-08-09','158-113-4150','bfinnimore5d@exblog.jp','469 Paget Hill'),(195,'Trever','Hayward','1992-06-20','361-733-5901','thayward5e@icq.com','08692 Jenifer Point'),(196,'Gris','Warrender','1997-04-02','267-522-1678','gwarrender5f@booking.com','991 Longview Lane'),(197,'Elmore','Oughton','2011-08-19','522-571-9900','eoughton5g@yahoo.com','887 Mendota Street'),(198,'Ynez','Grint','2015-09-06','944-913-2806','ygrint5h@reuters.com','4 Waywood Alley'),(199,'Wilmar','Plaistowe','2001-06-03','516-966-4041','wplaistowe5i@weebly.com','0194 Warner Circle'),(200,'Barney','Wheway','2008-06-05','983-816-4367','bwheway5j@blogspot.com','6872 Rutledge Avenue'),(201,'Nissy','Lunam','1985-03-15','990-619-0918','nlunam5k@yandex.ru','687 Pleasure Road'),(202,'Dallon','Nunnerley','1995-08-01','577-147-3772','dnunnerley5l@theatlantic.com','667 New Castle Alley'),(203,'Hollis','Gommes','2010-09-26','947-776-0842','hgommes5m@miitbeian.gov.cn','27 6th Trail'),(204,'Imelda','Mardle','2006-10-08','321-676-9113','imardle5n@gov.uk','54101 American Ash Lane'),(205,'Salim','Disdel','2015-04-24','789-192-9472','sdisdel5o@ow.ly','08 Manley Road'),(206,'Cahra','Sandifer','1988-08-09','470-272-8226','csandifer5p@amazon.com','147 Troy Point'),(207,'Daryn','Smitham','2012-06-20','988-736-6058','dsmitham5q@va.gov','15 Transport Drive'),(208,'Dan','O\'Cooney','2016-02-09','334-770-2591','docooney5r@berkeley.edu','0 Glacier Hill Center'),(209,'Evaleen','Barber','2001-08-16','371-481-6571','ebarber5s@gravatar.com','236 Havey Lane'),(210,'Eben','Sansom','2012-12-30','127-561-9307','esansom5t@yale.edu','93 David Hill'),(211,'Karen','Skpsey','2005-10-03','434-208-6349','kskpsey5u@purevolume.com','8499 Fisk Plaza'),(212,'Lemuel','Jovic','2005-04-14','624-848-3350','ljovic5v@squarespace.com','60 Spohn Street'),(213,'Chastity','Freyne','2014-12-02','939-928-0110','cfreyne5w@phpbb.com','7312 Declaration Hill'),(214,'Gabriella','Woollam','2004-10-08','147-107-6781','gwoollam5x@sun.com','350 Hanson Hill'),(215,'Hagan','Sholem','1987-08-16','254-138-1603','hsholem5y@tinypic.com','3488 Acker Parkway'),(216,'Nolly','Hens','2014-01-01','217-846-2950','nhens5z@hud.gov','4 Kenwood Lane'),(217,'Sylvester','Franey','2004-03-13','515-281-0184','sfraney60@nationalgeographic.com','44 Norway Maple Point'),(218,'Bil','Creighton','1991-06-17','669-762-5584','bcreighton61@ask.com','8 Mandrake Way'),(219,'Fletcher','Chataignier','1991-09-17','591-835-0341','fchataignier62@ezinearticles.com','58 Sugar Point'),(220,'Decca','Jewell','2003-06-23','290-690-3072','djewell63@sakura.ne.jp','65590 Valley Edge Plaza'),(221,'Jeanna','Band','2014-09-25','619-706-3112','jband64@about.me','45 Autumn Leaf Parkway'),(222,'Daveta','Himpson','2008-12-05','588-650-0325','dhimpson65@networksolutions.com','33172 Di Loreto Junction'),(223,'June','Bardill','2008-07-18','743-445-1154','jbardill66@xing.com','2 Rowland Street'),(224,'Terry','Casoni','2008-10-23','532-677-2098','tcasoni67@youku.com','049 Ludington Plaza'),(225,'Rubin','Ponsford','2004-06-11','540-710-0161','rponsford68@nhs.uk','597 Mcguire Hill'),(226,'Aubry','Sculpher','2006-03-08','187-986-3361','asculpher69@opensource.org','08 4th Street'),(227,'Doretta','Thombleson','2015-03-29','385-653-0664','dthombleson6a@webeden.co.uk','6 Schiller Road'),(228,'Waylan','Very','2006-02-24','108-715-5111','wvery6b@aboutads.info','37 Duke Circle'),(229,'Mirabella','Brunelli','2007-12-25','720-375-2421','mbrunelli6c@odnoklassniki.ru','980 Ryan Point'),(230,'Othello','Ioselevich','1997-11-04','223-648-5271','oioselevich6d@zimbio.com','236 Westport Way'),(231,'Christophorus','Ryding','1991-05-01','851-886-2255','cryding6e@jiathis.com','4 Riverside Street'),(232,'Cara','Harower','1996-05-10','800-591-2845','charower6f@nydailynews.com','735 Evergreen Junction'),(233,'Lorenzo','Gallardo','2005-02-12','999-629-7302','lgallardo6g@miitbeian.gov.cn','39 Petterle Terrace'),(234,'Reilly','Howland','1990-02-16','890-411-8142','rhowland6h@godaddy.com','6 Heath Alley'),(235,'Eberhard','Myrkus','2008-04-19','193-756-0482','emyrkus6i@vk.com','4 Brickson Park Place'),(236,'Powell','Lewknor','2015-08-05','166-898-6913','plewknor6j@ocn.ne.jp','1070 Macpherson Way'),(237,'Barnett','Rusted','1998-08-05','210-719-5320','brusted6k@wunderground.com','123 Morrow Trail'),(238,'Isaak','McKelvey','1999-10-17','232-313-9189','imckelvey6l@who.int','35 Granby Center'),(239,'Didi','Bouller','1992-04-04','480-907-7502','dbouller6m@multiply.com','4 3rd Way'),(240,'Gaston','Piechnik','1986-11-24','429-819-2602','gpiechnik6n@wikia.com','9 American Ash Parkway'),(241,'Cecil','Iacopetti','2009-05-02','269-822-1477','ciacopetti6o@freewebs.com','065 Jay Point'),(242,'Maurise','Pires','1995-01-12','719-449-5652','mpires6p@pinterest.com','7415 Red Cloud Lane'),(243,'Bord','Laister','2003-12-02','686-202-3068','blaister6q@salon.com','4 Carioca Alley'),(244,'Ulric','Gyenes','2016-01-23','500-506-0360','ugyenes6r@hatena.ne.jp','1239 Vera Hill'),(245,'Darla','Walworth','1996-08-29','808-110-6112','dwalworth6s@weibo.com','68 Schmedeman Road'),(246,'Myer','Ertel','1985-06-25','265-327-5213','mertel6t@hud.gov','17523 Waywood Alley'),(247,'Barbe','Lewerenz','2013-06-26','124-988-3625','blewerenz6u@answers.com','02418 Atwood Lane'),(248,'William','Wastell','2007-08-22','479-521-7141','wwastell6v@go.com','51 Bultman Hill'),(249,'Conan','Verma','1993-08-18','397-889-7516','cverma6w@cisco.com','165 Springview Plaza'),(250,'Artus','Endrighi','1995-12-23','848-691-7331','aendrighi6x@yahoo.com','1403 Buhler Lane'),(251,'Antonius','Halstead','2015-12-07','536-201-5220','ahalstead6y@clickbank.net','8614 Spenser Drive'),(252,'Lazare','Aspole','2010-08-27','293-220-8892','laspole6z@jigsy.com','83221 Rutledge Point'),(253,'Brnaba','Bearne','2007-03-20','145-127-3663','bbearne70@google.pl','986 Fieldstone Drive'),(254,'Harri','Swinden','2006-07-26','180-280-2404','hswinden71@timesonline.co.uk','37520 Mesta Parkway'),(255,'Charles','Nutman','1997-12-25','970-962-1316','cnutman72@blogspot.com','3204 Dexter Trail'),(256,'Daphene','Barneville','2005-01-24','107-355-1259','dbarneville73@soundcloud.com','24886 David Crossing'),(257,'Sheri','Hanny','1987-07-13','278-738-4769','shanny74@sitemeter.com','9190 High Crossing Court'),(258,'Rana','Dizlie','1993-01-20','743-294-1666','rdizlie75@wix.com','24171 Forest Run Alley'),(259,'Golda','Fetherstan','2004-07-18','377-333-2052','gfetherstan76@vinaora.com','1129 Anzinger Alley'),(260,'Jamie','Cabel','2009-06-21','270-181-8746','jcabel77@skyrock.com','31 Grim Pass'),(261,'Pascal','Cowsby','2007-03-02','108-125-3505','pcowsby78@reference.com','1 Hayes Park'),(262,'Fawn','Lumm','2004-03-27','130-173-5531','flumm79@squidoo.com','5792 Fieldstone Junction'),(263,'Bentley','Avann','1995-08-25','927-533-9688','bavann7a@cafepress.com','6 Northwestern Parkway'),(264,'Norene','MacLaig','1988-02-02','268-688-8578','nmaclaig7b@marketwatch.com','1260 Barby Terrace'),(265,'Ilka','Rasmus','1989-08-17','759-590-0250','irasmus7c@nsw.gov.au','7903 Dexter Trail'),(266,'Yelena','Gerling','1992-05-25','640-978-1988','ygerling7d@istockphoto.com','0 Ohio Crossing'),(267,'Georgianne','Bramsen','2014-02-06','921-241-5456','gbramsen7e@google.es','6195 Acker Plaza'),(268,'Becky','Teodoro','2005-06-23','821-803-1017','bteodoro7f@angelfire.com','83443 Esch Lane'),(269,'Kareem','Sharples','2012-06-11','902-253-1049','ksharples7g@edublogs.org','413 Maple Wood Pass'),(270,'Merralee','Clixby','2003-01-19','547-183-9023','mclixby7h@bloomberg.com','6 Starling Court'),(271,'Hunt','Sanchis','1994-11-28','324-861-8427','hsanchis7i@pcworld.com','7 Mallory Point'),(272,'Wang','Tulloch','1992-08-20','358-703-5075','wtulloch7j@comsenz.com','77616 Pond Alley'),(273,'Cindra','Mucklestone','1999-02-17','410-387-7240','cmucklestone7k@livejournal.com','95 Mallory Trail'),(274,'Eugen','Youens','1992-02-24','888-638-8793','eyouens7l@hatena.ne.jp','1 Bunting Crossing'),(275,'Gilligan','Sherred','1995-01-16','519-630-0084','gsherred7m@sbwire.com','9201 Gateway Avenue'),(276,'Parke','Rizzone','1995-06-13','536-921-2856','prizzone7n@ezinearticles.com','82 Loftsgordon Circle'),(277,'Romain','Kuhnhardt','2005-09-15','886-937-5150','rkuhnhardt7o@ox.ac.uk','1999 3rd Drive'),(278,'Emmalee','Clear','2004-08-28','259-696-0710','eclear7p@dropbox.com','882 Ilene Drive'),(279,'Crista','Woodhouse','2005-12-01','376-696-8921','cwoodhouse7q@usa.gov','7 Meadow Vale Park'),(280,'Field','Bezarra','2008-03-06','825-843-6737','fbezarra7r@bluehost.com','04 Mayfield Terrace'),(281,'Sydney','Barttrum','2006-10-12','522-109-4004','sbarttrum7s@friendfeed.com','587 Lakeland Drive'),(282,'Jobey','Wycherley','2008-11-29','429-372-8363','jwycherley7t@tinypic.com','994 Sachtjen Junction'),(283,'Sonja','Rubinfajn','2005-10-30','758-284-9586','srubinfajn7u@de.vu','1623 Miller Parkway'),(284,'Clevie','Moreby','2013-04-16','280-481-0763','cmoreby7v@stumbleupon.com','75001 Center Avenue'),(285,'Cullan','Dodshon','1995-08-10','595-838-3355','cdodshon7w@google.fr','8664 Bluejay Hill'),(286,'Sabine','Byforth','1993-12-20','563-639-3853','sbyforth7x@wikispaces.com','37 Golden Leaf Drive'),(287,'Rodrigo','Sturgeon','1995-04-22','703-322-8080','rsturgeon7y@amazon.co.uk','5 3rd Point'),(288,'Gloriane','Linnard','2003-12-12','678-961-6345','glinnard7z@sohu.com','6 Pine View Lane'),(289,'Sumner','Brithman','1987-12-18','597-650-9720','sbrithman80@google.es','7076 Stephen Road'),(290,'Frannie','Coronas','1993-02-27','773-905-3201','fcoronas81@cargocollective.com','20 Pleasure Point'),(291,'Naoma','Beeho','1995-01-26','619-245-2309','nbeeho82@drupal.org','9409 Twin Pines Lane'),(292,'Nana','Crumpton','1993-02-01','505-231-1733','ncrumpton83@smh.com.au','9150 Di Loreto Alley'),(293,'Darlleen','Roman','1987-06-19','491-762-0094','droman84@shop-pro.jp','49750 Hagan Drive'),(294,'Crissy','Wisham','1984-11-01','432-317-2267','cwisham85@time.com','947 Linden Junction'),(295,'Marni','Dodge','2016-01-30','106-110-2263','mdodge86@princeton.edu','33 Lien Park'),(296,'Jacinda','Paulo','2007-09-03','811-234-5550','jpaulo87@cpanel.net','7480 Walton Drive'),(297,'Mac','Curston','2010-08-11','948-500-8853','mcurston88@gizmodo.com','4 Birchwood Way'),(298,'Ax','Chadderton','1994-07-08','559-342-7722','achadderton89@weibo.com','4500 Brentwood Park'),(299,'Maudie','Biggins','1996-10-08','743-384-2093','mbiggins8a@independent.co.uk','1 Atwood Court'),(300,'Guendolen','Sawbridge','2001-05-18','293-586-8435','gsawbridge8b@mediafire.com','07194 Myrtle Court'),(301,'Edita','Mapston','1994-08-02','593-973-5580','emapston8c@cloudflare.com','122 Hollow Ridge Hill'),(302,'Janaye','Annes','2005-04-01','494-342-4913','jannes8d@comsenz.com','5223 Fallview Place'),(303,'Farr','Birrel','1986-03-11','217-889-2485','fbirrel8e@deliciousdays.com','46660 Fairview Circle'),(304,'Laney','Moyle','2015-04-29','283-265-1651','lmoyle8f@jigsy.com','95 Bayside Crossing'),(305,'Jacklin','McMenemy','1998-07-19','802-843-0456','jmcmenemy8g@g.co','8262 Melvin Parkway'),(306,'Colly','Trevear','1989-08-01','104-189-9324','ctrevear8h@census.gov','451 Scott Lane'),(307,'Gilbert','Pietruszewicz','2006-10-19','209-499-7481','gpietruszewicz8i@blinklist.com','18 Hoepker Way'),(308,'Cirstoforo','Giurio','2015-04-24','233-950-6785','cgiurio8j@alexa.com','98 Michigan Circle'),(309,'Dosi','Siggs','2012-01-25','385-462-0081','dsiggs8k@technorati.com','1626 Grayhawk Alley'),(310,'Chastity','Wailes','2007-05-01','898-281-1458','cwailes8l@webnode.com','03964 Valley Edge Parkway'),(311,'Karee','Burdess','2007-10-19','180-614-7881','kburdess8m@hibu.com','9245 Elmside Parkway'),(312,'Hugues','Trowl','2004-09-26','278-108-5249','htrowl8n@wiley.com','62 Eastlawn Street'),(313,'Joella','Kaes','1994-02-09','454-518-4412','jkaes8o@flickr.com','9 Garrison Trail'),(314,'Clea','Harbar','2016-09-04','987-133-3271','charbar8p@seesaa.net','784 Spaight Terrace'),(315,'Catarina','Baress','2011-02-16','558-949-9315','cbaress8q@meetup.com','9692 Gulseth Drive'),(316,'Darrel','Kimbley','1995-06-12','581-905-0695','dkimbley8r@dedecms.com','3 Fulton Alley'),(317,'Merlina','Davidescu','2000-09-06','989-831-4312','mdavidescu8s@chicagotribune.com','8 Dorton Hill'),(318,'Jermaine','Gillett','1986-08-11','761-636-8899','jgillett8t@google.it','6 Monument Hill'),(319,'Carolynn','Bozier','2012-02-27','166-922-4585','cbozier8u@1und1.de','8 Ryan Plaza'),(320,'Valentijn','Cardenosa','2003-04-07','236-952-3700','vcardenosa8v@youku.com','405 Northwestern Hill'),(321,'Nonah','Abdon','1996-07-20','512-398-0812','nabdon8w@umn.edu','69 Fulton Hill'),(322,'Hedwig','Tejada','2009-07-09','990-923-4222','htejada8x@loc.gov','12364 Warbler Center'),(323,'Tannie','Ivey','1995-08-05','124-610-9449','tivey8y@google.de','11 Parkside Road'),(324,'Carlo','Halkyard','1995-03-29','282-552-2134','chalkyard8z@google.nl','73975 Bonner Road'),(325,'Ange','Tween','2004-08-12','841-660-1653','atween90@ebay.com','6273 Ruskin Way'),(326,'Janice','Camock','2008-02-17','952-730-1688','jcamock91@sakura.ne.jp','146 Haas Lane'),(327,'Rosalinde','Clementucci','1999-02-27','490-318-7533','rclementucci92@bizjournals.com','2093 Sage Avenue'),(328,'Homer','Hartas','2010-10-25','954-323-0103','hhartas93@paypal.com','47 Pennsylvania Point'),(329,'Montgomery','Habergham','1991-08-15','659-542-4771','mhabergham94@hhs.gov','450 Rieder Pass'),(330,'Madelaine','Sirette','1997-11-07','999-192-9906','msirette95@tumblr.com','405 Sage Terrace'),(331,'Vernen','Masarrat','2011-08-28','323-383-9028','vmasarrat96@cargocollective.com','5725 Melrose Point'),(332,'Sunny','Cobbing','2003-02-13','842-998-6394','scobbing97@google.nl','75138 Troy Plaza'),(333,'Tomasine','Henke','2015-03-09','785-695-3506','thenke98@thetimes.co.uk','9530 Carberry Lane'),(334,'Brooke','Gittens','2004-05-25','259-939-3895','bgittens99@blinklist.com','86 Lyons Road'),(335,'Scott','Colebrook','2000-03-24','946-469-6377','scolebrook9a@microsoft.com','41114 Armistice Court'),(336,'Drake','Brinklow','2011-08-21','762-140-9677','dbrinklow9b@privacy.gov.au','05 Oneill Avenue'),(337,'Meredithe','Reinbech','2015-06-06','148-983-6852','mreinbech9c@ca.gov','3 Maryland Parkway'),(338,'Carroll','Wimpenny','2008-03-05','581-140-3760','cwimpenny9d@who.int','4222 American Road'),(339,'Penelope','Marchent','1987-08-21','235-603-9623','pmarchent9e@altervista.org','59 Ilene Place'),(340,'Janeva','de Amaya','2000-05-29','364-257-4309','jdeamaya9f@washington.edu','71139 Atwood Terrace'),(341,'Martita','Avrashin','2005-11-03','223-302-5403','mavrashin9g@topsy.com','6033 Aberg Court'),(342,'Marve','Dabels','1993-08-06','937-328-4603','mdabels9h@sohu.com','4265 Weeping Birch Junction'),(343,'Erna','Tschierse','1995-06-11','103-147-9816','etschierse9i@goo.gl','9983 Becker Park'),(344,'Roddy','Moreland','2003-03-01','143-982-9693','rmoreland9j@hubpages.com','600 Crowley Way'),(345,'Fredelia','Ziems','2002-02-23','587-290-6048','fziems9k@alexa.com','6 Tony Parkway'),(346,'Bryna','Tofanelli','2012-11-19','284-546-3616','btofanelli9l@dyndns.org','5 Golf View Hill'),(347,'Briney','Sleep','1992-08-10','748-381-9954','bsleep9m@so-net.ne.jp','11819 Red Cloud Drive'),(348,'Malissia','Eyeington','1987-10-07','531-477-8504','meyeington9n@yale.edu','165 Twin Pines Crossing'),(349,'Michel','Holywell','2013-04-27','723-790-2408','mholywell9o@cafepress.com','08 Roxbury Hill'),(350,'Stanislaus','Chislett','2016-06-30','969-940-5952','schislett9p@discovery.com','933 Harper Plaza'),(351,'Jacqueline','Teligin','2011-03-13','495-424-8449','jteligin9q@businessinsider.com','8 Schiller Point'),(352,'Lenard','Hastilow','2006-12-25','918-817-2412','lhastilow9r@canalblog.com','49944 Carey Avenue'),(353,'Gunther','Glaze','2000-11-24','442-820-4733','gglaze9s@fotki.com','1095 Carioca Hill'),(354,'Bertrando','Broadey','1988-02-16','393-652-4039','bbroadey9t@bing.com','3 Darwin Avenue'),(355,'Christopher','Janisson','2001-05-09','615-686-9397','cjanisson9u@booking.com','2 Hoffman Court'),(356,'Antonino','Le - Count','2004-07-23','470-222-9388','alecount9v@who.int','553 Bultman Trail'),(357,'Eric','Damrel','2008-06-06','802-462-9642','edamrel9w@twitter.com','7087 Hoepker Lane'),(358,'Ross','Spoure','1984-11-18','695-357-7655','rspoure9x@zdnet.com','968 Sycamore Alley'),(359,'Dagmar','Ugoletti','2015-09-30','549-387-0799','dugoletti9y@bizjournals.com','75647 Rowland Place'),(360,'Luther','Tobin','1999-08-24','584-430-8697','ltobin9z@canalblog.com','6497 Marquette Lane'),(361,'Rey','Crat','2005-01-13','585-648-5457','rcrata0@hostgator.com','49 Dovetail Lane'),(362,'Timmy','Margram','1997-06-08','338-730-1179','tmargrama1@macromedia.com','94975 Mccormick Terrace'),(363,'Edward','Tremelling','1994-07-14','574-996-8042','etremellinga2@amazon.com','5198 Golf Center'),(364,'Bevin','Bateson','1986-08-19','808-971-5762','bbatesona3@washingtonpost.com','32117 Hoepker Center'),(365,'Charlie','Hallstone','2016-01-02','658-349-4114','challstonea4@plala.or.jp','756 Memorial Hill'),(366,'Lowe','MacLure','2009-05-11','361-928-2016','lmaclurea5@springer.com','03 Little Fleur Court'),(367,'Ninnetta','Hacket','1995-10-13','907-381-0986','nhacketa6@marketwatch.com','5 Hansons Street'),(368,'Magdaia','Layton','1993-06-20','860-546-6779','mlaytona7@bravesites.com','648 Blue Bill Park Park'),(369,'Crystie','Fairleigh','2010-10-31','185-181-7193','cfairleigha8@e-recht24.de','84 Summerview Crossing'),(370,'Ursa','Jorat','1996-07-30','759-336-3589','ujorata9@go.com','2 Tennessee Place'),(371,'Mattheus','Pohlke','1995-01-08','541-435-2666','mpohlkeaa@infoseek.co.jp','79937 Graceland Circle'),(372,'Zebulen','Delepine','1995-01-04','775-706-1844','zdelepineab@bloglines.com','134 Oakridge Center'),(373,'Cletis','Matkin','1991-07-06','492-950-9281','cmatkinac@smugmug.com','0 Johnson Center'),(374,'Sandra','Patinkin','2002-05-19','235-683-2628','spatinkinad@senate.gov','1 Oak Place'),(375,'Carmon','Stanlick','2016-05-26','137-229-4141','cstanlickae@com.com','77 Westport Plaza'),(376,'Charleen','Holligan','1997-07-27','387-653-3329','cholliganaf@ucsd.edu','584 Hoepker Center'),(377,'Lari','Rookes','2010-12-25','830-434-3848','lrookesag@friendfeed.com','093 Eagan Center'),(378,'Iver','Carreyette','1997-06-21','636-811-1152','icarreyetteah@ustream.tv','83 Elka Circle'),(379,'Janis','Moohan','1985-12-31','192-214-9596','jmoohanai@ucsd.edu','06 Holy Cross Alley'),(380,'Edgar','Skentelbury','1999-10-08','769-672-7394','eskentelburyaj@cafepress.com','5 New Castle Avenue'),(381,'Fifi','Crame','2007-11-20','134-477-8984','fcrameak@g.co','471 Stang Avenue'),(382,'Dominica','Abele','2009-11-26','324-367-3653','dabeleal@com.com','2083 Menomonie Terrace'),(383,'Montgomery','Corfield','2013-06-05','923-342-0409','mcorfieldam@ifeng.com','468 Hagan Park'),(384,'Deena','Cunrado','1984-12-19','143-714-9224','dcunradoan@goo.gl','09 Merchant Park'),(385,'Howie','Udale','2010-12-16','115-688-4680','hudaleao@storify.com','65 Spaight Plaza'),(386,'Valentine','Guillon','1997-03-28','371-221-2136','vguillonap@senate.gov','34502 Bashford Place'),(387,'Ansell','Schankelborg','2009-07-02','258-464-4364','aschankelborgaq@census.gov','9 Fremont Parkway'),(388,'Hamish','Jan','2003-07-13','534-442-6151','hjanar@1und1.de','0741 Sage Point'),(389,'Homer','Brodeur','2015-02-12','399-304-4433','hbrodeuras@yahoo.com','99683 Welch Parkway'),(390,'Verina','Heustace','2012-09-16','142-390-3575','vheustaceat@facebook.com','4285 Northwestern Plaza'),(391,'Ede','Pardey','2006-05-21','297-734-6693','epardeyau@aol.com','04443 Surrey Plaza'),(392,'Roshelle','McGillreich','1986-11-29','342-283-5951','rmcgillreichav@scientificamerican.com','6 Boyd Road'),(393,'Helen','Mellhuish','1991-03-22','662-162-7119','hmellhuishaw@com.com','82 Warner Parkway'),(394,'Lou','Kelby','2014-08-01','202-401-4549','lkelbyax@tuttocitta.it','77363 Lakeland Park'),(395,'Mahalia','Schohier','2009-02-28','932-940-7122','mschohieray@artisteer.com','1 Hagan Crossing'),(396,'Ryann','Doppler','2005-06-14','600-578-2444','rdoppleraz@t.co','5300 Oakridge Alley'),(397,'Chiarra','Luckham','2007-10-17','311-282-4571','cluckhamb0@tumblr.com','869 Riverside Terrace'),(398,'Daryl','Reditt','2006-01-13','671-183-8310','dredittb1@cnet.com','47351 Corscot Pass'),(399,'Ewen','Hackin','2001-04-05','580-799-2480','ehackinb2@cornell.edu','37374 Lyons Park'),(400,'Ashla','Vernham','2009-09-30','620-374-2251','avernhamb3@jugem.jp','814 Scott Avenue'),(401,'Darlene','Rollings','1991-12-09','441-794-4774','drollingsb4@answers.com','664 Darwin Court'),(402,'Cary','Finn','2009-06-15','114-937-0338','cfinnb5@purevolume.com','369 Kim Court'),(403,'Inge','Deer','1995-12-24','384-273-5380','ideerb6@sfgate.com','6029 Pankratz Plaza'),(404,'Whit','Yateman','1989-02-01','307-130-4358','wyatemanb7@spiegel.de','91 Mifflin Road'),(405,'Edi','Popple','2007-10-25','538-461-8292','epoppleb8@newsvine.com','235 Derek Plaza'),(406,'Lula','Cradduck','2015-08-02','404-453-6674','lcradduckb9@blogs.com','55209 East Center'),(407,'Ignacius','Ansett','1997-12-02','434-893-6303','iansettba@ft.com','6 Gerald Place'),(408,'Borden','Tice','2005-08-16','424-590-6519','bticebb@unesco.org','958 Maywood Trail'),(409,'Misha','Di Pietro','2006-12-14','663-289-8072','mdipietrobc@unblog.fr','60629 Crescent Oaks Place'),(410,'Katinka','Constantine','1999-06-21','231-725-0205','kconstantinebd@moonfruit.com','36 Cascade Avenue'),(411,'Skip','Kingsland','2000-10-17','992-904-6433','skingslandbe@netscape.com','49459 Dayton Plaza'),(412,'Alyss','Matias','2013-09-14','390-113-7682','amatiasbf@dedecms.com','0 Magdeline Center'),(413,'Cleve','Moorfield','2010-03-05','253-908-5392','cmoorfieldbg@chron.com','8 Del Sol Avenue'),(414,'Barrie','Cast','1991-05-05','433-290-1743','bcastbh@oracle.com','71 Waubesa Trail'),(415,'George','Martinets','1987-10-31','156-178-9524','gmartinetsbi@simplemachines.org','5 Jana Park'),(416,'Dari','Rhoades','1995-05-20','516-453-4698','drhoadesbj@bandcamp.com','8 Starling Trail'),(417,'Wilhelmina','Naseby','1993-04-22','676-186-6452','wnasebybk@wikia.com','50190 Forest Court'),(418,'Mame','Jaine','2009-09-19','692-198-2088','mjainebl@ca.gov','2 Merry Court'),(419,'Tobe','Dogg','2004-02-29','286-318-7020','tdoggbm@reverbnation.com','85520 Toban Avenue'),(420,'Bernie','Ledbetter','2009-12-07','692-805-9549','bledbetterbn@bloomberg.com','1 Green Plaza'),(421,'Fancie','Wilfing','1994-01-14','574-380-8392','fwilfingbo@apple.com','00 Karstens Plaza'),(422,'Robina','Gerren','2015-12-27','167-245-9289','rgerrenbp@howstuffworks.com','21 Sachtjen Drive'),(423,'Dominique','Medforth','1994-06-11','709-162-5173','dmedforthbq@marriott.com','24 Arrowood Center'),(424,'Meta','Signoret','2013-08-23','703-530-3864','msignoretbr@forbes.com','964 Dryden Alley'),(425,'Bebe','Puden','2003-03-07','263-203-6204','bpudenbs@ftc.gov','433 Petterle Avenue'),(426,'Gibby','Readhead','1986-08-22','505-183-2859','greadheadbt@wikispaces.com','89557 Almo Plaza'),(427,'Rafael','Breache','2014-09-30','439-290-7458','rbreachebu@npr.org','1010 Susan Alley'),(428,'Ginelle','Tatlock','2003-09-10','791-706-4468','gtatlockbv@miitbeian.gov.cn','7519 Transport Way'),(429,'Lauree','Haszard','2010-03-29','381-676-2892','lhaszardbw@toplist.cz','155 Aberg Road'),(430,'Tyrone','Laurisch','2007-07-07','367-522-2618','tlaurischbx@w3.org','73244 Elka Lane'),(431,'Abbey','O\'Caherny','1997-05-08','650-940-6019','aocahernyby@apple.com','115 Rowland Parkway'),(432,'Noland','Rivers','2003-02-15','440-176-2163','nriversbz@chron.com','9601 Rusk Street'),(433,'Tybie','Dominico','1995-12-19','669-891-5535','tdominicoc0@soup.io','45 Anderson Trail'),(434,'Brandon','Christescu','2010-10-02','393-611-7573','bchristescuc1@issuu.com','541 Cascade Park'),(435,'Phineas','Joynson','2016-01-26','549-857-4393','pjoynsonc2@loc.gov','23241 Meadow Vale Court'),(436,'Donnie','Pingstone','2006-02-21','690-759-4770','dpingstonec3@who.int','8 Lillian Drive'),(437,'Sharlene','Errigo','2009-04-12','240-345-8259','serrigoc4@prweb.com','26151 Sundown Point'),(438,'Joscelin','Brikner','1996-03-18','548-256-4415','jbriknerc5@nyu.edu','5044 Coleman Parkway'),(439,'Elane','Skoyles','1993-10-23','856-928-5515','eskoylesc6@redcross.org','9761 Banding Road'),(440,'Jan','Maxted','2012-03-23','156-781-5687','jmaxtedc7@prnewswire.com','68 Hagan Center'),(441,'Weber','Kermit','2010-12-19','182-944-9264','wkermitc8@loc.gov','67 Swallow Street'),(442,'Adelice','Balleine','1987-09-09','481-925-8098','aballeinec9@yellowpages.com','375 Golf Course Point'),(443,'Randal','McCullouch','1989-07-30','993-374-5694','rmccullouchca@lulu.com','65700 Kenwood Way'),(444,'Luis','Finneran','1989-07-11','595-510-6374','lfinnerancb@networksolutions.com','6709 Blackbird Court'),(445,'Demott','Shobrook','1984-10-25','490-423-0802','dshobrookcc@salon.com','17806 Katie Hill'),(446,'Davy','Strephan','2009-04-27','259-205-2702','dstrephancd@hugedomains.com','35 Grayhawk Court'),(447,'Devonne','Vondrak','2005-09-08','803-378-9490','dvondrakce@newyorker.com','3 Sunfield Circle'),(448,'Easter','Youel','1996-03-29','794-563-7155','eyouelcf@godaddy.com','53314 Annamark Place'),(449,'Zoe','Block','2001-11-13','416-488-8405','zblockcg@blogger.com','7 8th Hill'),(450,'Leslie','Howgill','1990-01-02','569-290-2087','lhowgillch@cloudflare.com','6 Mesta Avenue'),(451,'Benn','Hanby','1987-06-13','372-334-6494','bhanbyci@berkeley.edu','338 La Follette Place'),(452,'Bordy','Semper','1995-05-06','215-592-6777','bsempercj@fc2.com','9509 Anniversary Crossing'),(453,'Salvador','Pitchers','1987-08-20','712-236-9196','spitchersck@princeton.edu','22 Corry Road'),(454,'Olympie','Fishburn','1994-11-11','815-712-4035','ofishburncl@chicagotribune.com','42861 Arizona Circle'),(455,'Siffre','Lay','2010-07-30','677-766-0212','slaycm@exblog.jp','39 Lakewood Place'),(456,'Kenn','Fountian','1988-05-29','355-573-3642','kfountiancn@ibm.com','85 Pierstorff Place'),(457,'Carin','Euels','1992-01-11','177-349-3087','ceuelsco@networksolutions.com','15 Lunder Court'),(458,'Aveline','Spinke','1989-03-11','669-429-0970','aspinkecp@google.co.uk','1392 Norway Maple Crossing'),(459,'Antoni','Geerling','2008-11-20','487-725-9334','ageerlingcq@chicagotribune.com','77437 Eggendart Parkway'),(460,'Shantee','Mazzilli','1986-12-20','297-532-4012','smazzillicr@miitbeian.gov.cn','26 Kennedy Park'),(461,'Cherey','Pigney','2010-04-28','632-662-9834','cpigneycs@nifty.com','47 Beilfuss Place'),(462,'Tristan','De Pero','1992-01-14','983-541-1249','tdeperoct@cornell.edu','08056 Oak Park'),(463,'Pebrook','Bruckental','2007-10-12','819-366-4718','pbruckentalcu@nymag.com','4286 Ramsey Point'),(464,'Ruthanne','Vigurs','1995-11-06','354-476-3135','rvigurscv@census.gov','7824 Mayer Junction'),(465,'Granthem','Salvidge','1985-06-08','979-835-4941','gsalvidgecw@netscape.com','9 Hanover Point'),(466,'Josey','Wingatt','2011-02-17','779-762-0855','jwingattcx@blinklist.com','2698 Spohn Way'),(467,'Hadlee','Harken','1990-07-02','853-427-2634','hharkency@wikimedia.org','68 7th Drive'),(468,'Elinore','Aldis','1990-06-25','938-821-7328','ealdiscz@prlog.org','438 Westport Street'),(469,'Fanni','Swate','1996-05-06','544-674-1680','fswated0@ow.ly','64763 Center Center'),(470,'Jonathan','O\'Spillane','2008-04-08','119-986-7755','jospillaned1@engadget.com','0 Fisk Terrace'),(471,'Ebony','Alven','1989-05-05','181-816-4775','ealvend2@google.de','49277 Nelson Alley'),(472,'Garrick','Titley','1999-04-10','382-216-6057','gtitleyd3@answers.com','7080 South Park'),(473,'Riane','Herety','2003-08-22','343-828-8072','rheretyd4@samsung.com','09 Gale Road'),(474,'Giacopo','Perulli','2005-02-25','713-361-2866','gperullid5@seesaa.net','46968 Carpenter Avenue'),(475,'Issie','Huncoot','1984-12-05','985-351-2529','ihuncootd6@exblog.jp','61 Meadow Vale Road'),(476,'Lurline','Braznell','2015-04-27','497-820-4692','lbraznelld7@biblegateway.com','5772 Hallows Road'),(477,'Auberon','Danshin','2011-12-23','852-165-8845','adanshind8@t.co','649 La Follette Trail'),(478,'Oberon','Went','1998-11-25','495-382-9491','owentd9@boston.com','05 Elmside Road'),(479,'Kingston','Boyd','2011-05-27','256-323-3246','kboydda@nsw.gov.au','557 Stone Corner Alley'),(480,'Mercedes','Boothe','1995-11-04','626-904-1023','mboothedb@dailymail.co.uk','2 Colorado Parkway'),(481,'Wallis','Riping','1996-07-06','929-482-2781','wripingdc@comsenz.com','9 Barby Avenue'),(482,'Abigale','Basill','2009-12-28','635-417-7120','abasilldd@php.net','7415 Lawn Crossing'),(483,'Cash','Bartleman','1990-06-18','995-223-0681','cbartlemande@scribd.com','2 Orin Pass'),(484,'Marketa','Prebble','2010-08-21','349-622-3367','mprebbledf@networksolutions.com','435 Hoffman Terrace'),(485,'Marybeth','MacGille','1995-12-06','365-960-3899','mmacgilledg@who.int','769 Elgar Alley'),(486,'Vic','Brackstone','1987-11-23','439-596-6031','vbrackstonedh@pcworld.com','98811 Pleasure Junction'),(487,'Tatiania','Berrisford','1991-05-15','941-992-1534','tberrisforddi@bizjournals.com','114 Redwing Alley'),(488,'Bennie','Ixer','2011-06-05','728-157-0348','bixerdj@amazon.com','206 Green Ridge Terrace'),(489,'Rahel','Hobben','1986-09-26','416-114-6407','rhobbendk@imdb.com','59 Fisk Terrace'),(490,'Sunny','Lombard','1997-03-11','998-977-5341','slombarddl@wikia.com','74 Melvin Lane'),(491,'Marybeth','Geerits','2004-01-01','124-491-4331','mgeeritsdm@dot.gov','965 Kenwood Center'),(492,'Eduino','Natte','2015-11-25','970-697-5180','enattedn@1und1.de','8844 Aberg Parkway'),(493,'Kristin','Gamell','2002-10-19','320-869-9644','kgamelldo@so-net.ne.jp','9 Straubel Hill'),(494,'Perl','Mapledoram','1993-04-15','178-318-7851','pmapledoramdp@webnode.com','902 Sheridan Court'),(495,'Breena','Dorber','2006-01-17','717-189-2192','bdorberdq@acquirethisname.com','83 Fremont Drive'),(496,'Gannie','Weaben','1997-08-10','365-892-4945','gweabendr@furl.net','6952 South Pass'),(497,'Hedvig','August','2015-07-15','809-511-1125','haugustds@nba.com','5602 Hoard Way'),(498,'Kile','Morefield','2012-04-13','994-827-8845','kmorefielddt@engadget.com','85964 Becker Hill'),(499,'Cherye','Hallmark','2013-08-21','214-714-6931','challmarkdu@linkedin.com','61487 International Junction'),(500,'Elsy','Whitwell','2015-02-27','439-760-4219','ewhitwelldv@deviantart.com','659 Loftsgordon Avenue'),(501,'Electra','Sieur','1999-04-15','549-268-2080','esieurdw@tmall.com','761 Anhalt Lane'),(502,'Hoebart','Redwing','2002-07-21','558-651-5169','hredwingdx@mysql.com','7753 Oak Crossing'),(503,'Emmet','Heugel','2003-09-06','129-897-1509','eheugeldy@so-net.ne.jp','0 Nancy Point'),(504,'Gilemette','Milton','2002-11-06','527-306-8832','gmiltondz@mail.ru','00683 American Ash Road'),(505,'Ki','Cousens','2004-11-04','407-250-4151','kcousense0@canalblog.com','1917 Rowland Way'),(506,'Bentley','Folshom','2007-11-27','708-237-7365','bfolshome1@photobucket.com','6374 Fordem Alley'),(507,'Hans','Smorthit','2006-02-05','792-807-3145','hsmorthite2@globo.com','9 Kim Court'),(508,'Norrie','McClaurie','2004-10-16','556-916-4586','nmcclauriee3@ycombinator.com','66 Del Sol Terrace'),(509,'Kristian','Limpenny','2011-11-10','284-819-4043','klimpennye4@plala.or.jp','47292 Gina Park'),(510,'Adrea','Strotton','2009-01-02','742-363-7065','astrottone5@ezinearticles.com','100 Almo Park'),(511,'Aline','Bunney','1994-02-14','312-586-9634','abunneye6@w3.org','75648 Service Place'),(512,'Dottie','Rove','1985-05-28','304-130-5924','drovee7@redcross.org','13117 Charing Cross Plaza'),(513,'Rochette','Swinbourne','1996-07-09','996-734-3743','rswinbournee8@blogtalkradio.com','957 Rusk Lane'),(514,'Odie','Wogden','2015-12-01','232-445-2619','owogdene9@cbsnews.com','545 La Follette Pass'),(515,'Teresa','Berridge','1988-05-31','283-816-4877','tberridgeea@slate.com','892 Goodland Avenue'),(516,'Robyn','Kingham','1999-07-27','853-239-2806','rkinghameb@oakley.com','14 Spohn Park'),(517,'Raymond','Balf','1999-01-14','638-939-6636','rbalfec@columbia.edu','03930 Comanche Lane'),(518,'Ingunna','Gosney','2004-08-21','937-736-5140','igosneyed@edublogs.org','368 Sage Pass'),(519,'Anallise','Lovemore','1990-07-20','575-716-0465','alovemoreee@jimdo.com','8403 Tennyson Street'),(520,'Imogene','Duckett','1996-02-16','874-201-8240','iduckettef@php.net','8347 1st Court'),(521,'Hillery','Sinclaire','1988-06-10','244-998-1444','hsinclaireeg@google.ca','22 Hoard Road'),(522,'Ardene','Voase','1996-09-25','554-114-9316','avoaseeh@dyndns.org','51 Thackeray Place'),(523,'Kalila','Shobrook','2002-03-04','100-497-0691','kshobrookei@shinystat.com','49133 Springview Terrace'),(524,'Eleonora','Milbourn','1994-01-28','229-937-2341','emilbournej@mapquest.com','5864 Gerald Lane'),(525,'Ettore','Hallard','1987-01-17','780-597-3894','ehallardek@shutterfly.com','1868 Ohio Lane'),(526,'Harmonie','Tolchar','1998-03-17','785-348-0089','htolcharel@free.fr','52 Scoville Lane'),(527,'Trixie','Ducker','2007-12-22','807-672-5179','tduckerem@vk.com','1788 Bluestem Alley'),(528,'Benedikt','Greneham','2002-04-14','626-124-2329','bgrenehamen@smugmug.com','6899 Mccormick Center'),(529,'Egon','Jozefowicz','1991-08-22','354-518-1988','ejozefowiczeo@newsvine.com','22 Springs Trail'),(530,'Stearne','Biggin','2015-11-18','489-111-4059','sbigginep@soundcloud.com','384 Packers Circle'),(531,'Adrienne','Thebeaud','2011-01-31','717-351-3172','athebeaudeq@linkedin.com','93 Sachs Plaza'),(532,'Richmound','Rosie','2012-03-23','990-893-5159','rrosieer@51.la','1963 Ridgeway Street'),(533,'Arlyn','Bennett','1994-03-16','230-159-7115','abennettes@intel.com','34 Aberg Avenue'),(534,'Yelena','McLugaish','1985-06-16','319-955-3970','ymclugaishet@yellowbook.com','1 Browning Plaza'),(535,'Arleta','Brennen','1989-05-19','717-288-3608','abrenneneu@g.co','6859 Blue Bill Park Point'),(536,'Tessi','Honnicott','1994-03-13','954-361-3130','thonnicottev@archive.org','56980 Burrows Parkway'),(537,'Rhetta','Giacomello','2001-07-01','824-191-6412','rgiacomelloew@cpanel.net','01 Bayside Drive'),(538,'Saxe','MacMeanma','1994-04-04','476-500-7104','smacmeanmaex@joomla.org','48 Orin Parkway'),(539,'Jesse','Chadbourne','1989-07-17','325-635-0178','jchadbourneey@pbs.org','5 Donald Place'),(540,'Efrem','Anetts','1986-08-17','122-439-8474','eanettsez@google.co.uk','5 Farragut Trail'),(541,'Pauletta','Fabler','1986-11-19','633-376-8629','pfablerf0@google.cn','64 Delladonna Crossing'),(542,'Jonas','Blackster','2016-07-01','471-468-0123','jblacksterf1@google.ru','67 Orin Terrace'),(543,'Noak','Tommaseo','2012-05-20','465-222-9220','ntommaseof2@ucoz.com','0 Main Trail'),(544,'Dorey','Wenham','2006-05-23','646-304-5136','dwenhamf3@etsy.com','3864 Sommers Crossing'),(545,'Marrilee','Cockerton','2007-04-14','425-174-4192','mcockertonf4@wikipedia.org','86748 Kennedy Street'),(546,'Jeannine','Brockman','1994-06-14','344-987-8545','jbrockmanf5@huffingtonpost.com','955 Grayhawk Street'),(547,'Rosamund','Hallagan','2012-11-14','858-812-7112','rhallaganf6@mashable.com','33 Blackbird Terrace'),(548,'Gladi','Orriss','1993-08-27','467-228-3516','gorrissf7@youtu.be','821 Bartelt Trail'),(549,'Magnum','Spraggs','1994-07-30','584-921-3074','mspraggsf8@bbc.co.uk','58 Alpine Drive'),(550,'Keri','Gregor','2003-05-21','845-648-5054','kgregorf9@disqus.com','197 Northview Hill'),(551,'Rubina','Haigh','1985-06-14','733-951-2160','rhaighfa@weebly.com','96 Moland Avenue'),(552,'Ric','Morten','2002-09-05','906-144-9490','rmortenfb@bigcartel.com','6 Sunnyside Place'),(553,'Binny','Saull','2011-01-17','479-109-2252','bsaullfc@oakley.com','1 Eastwood Street'),(554,'Cathe','Galletly','1997-09-01','229-308-9647','cgalletlyfd@redcross.org','59880 Banding Place'),(555,'Mary','Swires','2000-04-04','303-415-5438','mswiresfe@deviantart.com','0 Blaine Trail'),(556,'Bord','Patesel','2008-06-04','792-379-0609','bpateselff@networksolutions.com','21578 Everett Parkway'),(557,'Margaux','Forcade','2007-12-30','400-766-3620','mforcadefg@google.it','1109 Brickson Park Crossing'),(558,'Chloris','Rennison','2000-05-30','721-621-6653','crennisonfh@reference.com','35 Morningstar Lane'),(559,'Aarika','Hallaways','2006-02-11','989-975-4469','ahallawaysfi@wordpress.org','4 Ridgeview Alley'),(560,'Concordia','Hobbert','1997-07-02','895-472-0459','chobbertfj@forbes.com','61581 Maryland Parkway'),(561,'Sammie','Macon','1998-03-05','108-193-1818','smaconfk@qq.com','64 Northport Court'),(562,'Wilfrid','Hoogendorp','2007-08-26','854-905-5976','whoogendorpfl@tripadvisor.com','0 Bellgrove Center'),(563,'Esra','Burden','2002-10-26','382-704-9926','eburdenfm@smh.com.au','98339 Coleman Hill'),(564,'Lemmy','Huntar','1997-03-13','752-811-9286','lhuntarfn@taobao.com','71444 Beilfuss Plaza'),(565,'Karoline','Androli','2012-10-25','301-713-5650','kandrolifo@opera.com','3556 Melby Drive'),(566,'Jozef','Ezzy','1996-07-28','254-861-3045','jezzyfp@joomla.org','852 Springs Parkway'),(567,'Ced','Caird','1989-03-28','212-277-1114','ccairdfq@stumbleupon.com','879 Hanover Pass'),(568,'Alidia','Meddick','2016-01-20','799-486-2656','ameddickfr@google.com.au','09215 Debra Circle'),(569,'Felicle','Di Giorgio','2004-12-26','318-339-1222','fdigiorgiofs@elpais.com','5323 Sutherland Drive'),(570,'Humfrid','Minero','2002-12-25','233-710-5417','hmineroft@diigo.com','22 Elgar Drive'),(571,'Hilary','Flucker','2000-08-28','479-608-2189','hfluckerfu@seesaa.net','17 Oakridge Point'),(572,'Wye','Pollastro','2005-02-12','717-766-5808','wpollastrofv@prnewswire.com','6 Glendale Avenue'),(573,'Byran','McSkin','1995-08-30','343-985-3227','bmcskinfw@discovery.com','8 Evergreen Alley'),(574,'Cyb','Leadbeatter','1994-12-04','364-328-1912','cleadbeatterfx@army.mil','0 Beilfuss Street'),(575,'Matias','Demko','1987-07-16','712-901-3871','mdemkofy@discovery.com','9 Lerdahl Court'),(576,'Sashenka','Marishenko','1997-01-14','172-220-3218','smarishenkofz@reuters.com','02 Randy Lane'),(577,'Ingelbert','Kuschek','2011-03-21','361-210-5755','ikuschekg0@huffingtonpost.com','7824 Division Hill'),(578,'Terry','Billin','2001-02-05','400-557-8430','tbilling1@house.gov','2 Lakeland Court'),(579,'Leonelle','Linke','1989-10-24','143-706-0210','llinkeg2@mysql.com','76 Sauthoff Terrace'),(580,'Haily','Parnall','1995-08-29','401-732-9680','hparnallg3@cbslocal.com','67816 Carberry Crossing'),(581,'Costa','D\'Errico','1991-01-22','901-334-3946','cderricog4@infoseek.co.jp','605 Becker Parkway'),(582,'Lothario','Klainer','1995-12-04','859-771-8015','lklainerg5@state.gov','33 5th Avenue'),(583,'Benjamen','Heatly','1984-10-02','925-102-5694','bheatlyg6@ow.ly','525 Kensington Way'),(584,'Aloise','Danskine','2015-05-11','821-349-3426','adanskineg7@sakura.ne.jp','92 Namekagon Circle'),(585,'Freddie','Cansdill','1994-01-11','217-349-2827','fcansdillg8@merriam-webster.com','72486 Arapahoe Crossing'),(586,'Frederik','Bride','1999-11-16','421-799-3105','fbrideg9@webmd.com','1286 7th Road'),(587,'Jessi','Brittle','1993-08-07','465-146-3035','jbrittlega@rediff.com','6050 Golf Course Alley'),(588,'Malina','Ivel','1989-05-19','774-851-0737','mivelgb@google.nl','72778 Anthes Street'),(589,'Sheffield','Davidovsky','1995-02-19','444-264-4650','sdavidovskygc@yellowpages.com','7 Namekagon Court'),(590,'Margery','Pinkie','2010-03-10','883-140-8104','mpinkiegd@ft.com','48 Springs Circle'),(591,'Juan','Yude','2014-09-26','352-701-3757','jyudege@mac.com','1 Clarendon Drive'),(592,'Edlin','Mattia','1999-08-28','115-566-1430','emattiagf@ustream.tv','7289 Northland Terrace'),(593,'Alyosha','Redington','2006-09-04','666-349-4110','aredingtongg@webmd.com','33 Moland Crossing'),(594,'Kipp','Down','1994-01-19','242-282-1520','kdowngh@mlb.com','0096 Carberry Pass'),(595,'Rici','Brager','2008-04-02','998-275-7141','rbragergi@statcounter.com','964 Buena Vista Road'),(596,'Misty','Boutflour','2002-01-15','312-182-6017','mboutflourgj@istockphoto.com','283 Oriole Place'),(597,'Sibylla','Latty','1999-11-05','736-560-1551','slattygk@earthlink.net','87555 Pierstorff Drive'),(598,'Yurik','Durdy','1995-09-18','115-186-1712','ydurdygl@economist.com','1840 Bultman Road'),(599,'Norri','Sahnow','1999-01-10','338-100-7504','nsahnowgm@symantec.com','745 Hoard Center'),(600,'Shaun','Barti','2004-07-11','133-153-8847','sbartign@cnet.com','6 Hintze Parkway'),(601,'Dev','Manifould','1992-05-15','970-939-1095','dmanifouldgo@indiatimes.com','1193 Raven Center'),(602,'Phillida','Momford','1994-05-12','452-106-3307','pmomfordgp@123-reg.co.uk','0315 Claremont Avenue'),(603,'Emmalynn','Coot','1988-05-26','218-987-8335','ecootgq@craigslist.org','71011 Twin Pines Alley'),(604,'Roslyn','Gammill','1991-12-20','553-368-1880','rgammillgr@hexun.com','608 Banding Circle'),(605,'Sacha','MacRorie','2003-01-03','296-792-5489','smacroriegs@springer.com','631 Surrey Place'),(606,'Emanuele','Pelosi','1986-11-02','566-987-3855','epelosigt@vistaprint.com','8 Buhler Terrace'),(607,'Kincaid','Tilsley','2005-02-28','147-838-4124','ktilsleygu@craigslist.org','1385 Hudson Lane'),(608,'Sandi','Beevers','2011-06-23','535-611-7995','sbeeversgv@dell.com','72485 Heath Circle'),(609,'Levin','Pfeffle','1988-08-10','130-631-1009','lpfefflegw@foxnews.com','93 Erie Court'),(610,'Olenka','Jain','1993-03-31','942-241-0368','ojaingx@imgur.com','018 Grover Parkway'),(611,'Alister','Mathieu','2010-09-05','532-909-7667','amathieugy@freewebs.com','93 Dryden Parkway'),(612,'Farrah','Pittaway','1997-02-22','975-317-3504','fpittawaygz@comsenz.com','064 Bunker Hill Center'),(613,'Jodie','Paulack','1991-07-17','115-748-8526','jpaulackh0@prweb.com','32 Knutson Street'),(614,'Perren','Di Angelo','2002-07-23','990-957-5513','pdiangeloh1@google.cn','6128 Melvin Terrace'),(615,'Koenraad','Moodie','2016-03-20','151-248-1612','kmoodieh2@mlb.com','05182 Bluestem Pass'),(616,'Stephana','Willcocks','2002-03-10','575-966-4908','swillcocksh3@seesaa.net','5 Forest Dale Point'),(617,'Stephan','Slesser','2004-06-10','406-182-9979','sslesserh4@msu.edu','663 Dovetail Terrace'),(618,'Armando','Yesinov','2000-04-01','809-948-9201','ayesinovh5@instagram.com','148 International Crossing'),(619,'Merell','Leveritt','1993-09-20','764-393-2688','mleveritth6@unblog.fr','5 Randy Alley'),(620,'Chrystal','Verbrugge','1999-12-13','147-294-4530','cverbruggeh7@com.com','12952 Paget Way'),(621,'Janie','Rowbotham','2003-05-31','942-200-1935','jrowbothamh8@wisc.edu','27 Kim Park'),(622,'Rachael','Boswell','1999-01-13','481-589-9315','rboswellh9@360.cn','347 Truax Parkway'),(623,'Cointon','Airey','1989-12-20','323-494-1033','caireyha@vistaprint.com','76 Walton Drive'),(624,'Koral','Hovell','2008-10-02','839-393-2339','khovellhb@marketwatch.com','00 Spohn Road'),(625,'Laura','Boots','2004-10-12','878-553-5448','lbootshc@reverbnation.com','63 Superior Plaza'),(626,'Jervis','Nock','2015-10-16','448-194-7477','jnockhd@naver.com','16021 Westridge Avenue'),(627,'Sascha','Dawidowitsch','2005-09-18','753-527-2519','sdawidowitschhe@bigcartel.com','01 Garrison Center'),(628,'Dory','Awde','2013-10-03','765-807-0239','dawdehf@surveymonkey.com','63578 6th Point'),(629,'Kaylil','Pinnere','2000-07-18','346-276-1966','kpinnerehg@un.org','2 Stang Point'),(630,'Wilton','Mulkerrins','1993-12-01','567-442-5729','wmulkerrinshh@google.de','30250 Village Center'),(631,'Byron','Musgrove','1989-08-26','422-800-5794','bmusgrovehi@spotify.com','34868 Bluestem Pass'),(632,'Harlin','Pawel','1989-11-17','774-314-1284','hpawelhj@goo.ne.jp','828 Waywood Junction'),(633,'Marc','Pridden','1984-10-18','183-905-4325','mpriddenhk@github.io','285 Autumn Leaf Avenue'),(634,'Danita','Mott','2004-06-25','871-721-5608','dmotthl@godaddy.com','7361 Sutteridge Drive'),(635,'Noby','Behr','2012-02-26','328-420-0390','nbehrhm@skyrock.com','8 Daystar Way'),(636,'Crichton','Krook','1999-01-26','417-140-3133','ckrookhn@behance.net','432 Tomscot Avenue'),(637,'Veronique','Cullabine','1986-11-12','771-220-0830','vcullabineho@barnesandnoble.com','8 Macpherson Trail'),(638,'Carrol','Becaris','1994-11-19','121-361-3003','cbecarishp@diigo.com','60379 Saint Paul Crossing'),(639,'Lynn','Ronnay','2014-09-17','777-465-4911','lronnayhq@freewebs.com','521 Eastwood Street'),(640,'Lydia','Seabridge','1999-12-09','425-106-2797','lseabridgehr@cornell.edu','53 Delladonna Road'),(641,'Jerrilee','Briar','2016-03-12','164-389-7028','jbriarhs@nsw.gov.au','02879 Darwin Pass'),(642,'Chandra','Chard','2015-03-09','971-549-2094','cchardht@sohu.com','566 Grayhawk Park'),(643,'Angelle','Lebell','1993-07-11','366-211-7443','alebellhu@shinystat.com','01358 Stone Corner Avenue'),(644,'Eugene','Holdey','1989-09-17','849-776-9158','eholdeyhv@about.me','8914 Knutson Trail'),(645,'Granny','Kither','2013-07-11','684-214-9993','gkitherhw@rakuten.co.jp','87 Hanson Terrace'),(646,'Bartram','Baglow','1993-12-11','618-534-2993','bbaglowhx@gizmodo.com','21 Bay Plaza'),(647,'Bernard','Ortells','2015-12-29','806-657-9658','bortellshy@technorati.com','6749 Amoth Avenue'),(648,'Rubia','Rudd','1992-03-14','464-640-1640','rruddhz@sitemeter.com','3775 Spaight Plaza'),(649,'Carney','Jaine','1986-12-03','377-742-1448','cjainei0@tinyurl.com','905 Buena Vista Avenue'),(650,'Ronnie','Thraves','1986-03-02','186-637-0168','rthravesi1@pcworld.com','6 Banding Drive'),(651,'Karmen','Foss','2011-10-23','691-721-8585','kfossi2@trellian.com','2 Meadow Valley Court'),(652,'Bliss','Agirre','2003-10-31','856-683-9436','bagirrei3@marriott.com','729 Maple Wood Plaza'),(653,'Misha','Lawford','2011-07-29','728-338-6152','mlawfordi4@moonfruit.com','98 Lakewood Terrace'),(654,'Karlens','Newtown','2002-10-29','750-111-5965','knewtowni5@blinklist.com','3 Everett Drive'),(655,'Abe','True','1990-08-20','821-299-5469','atruei6@free.fr','5 Algoma Way'),(656,'Lesley','Handscombe','2013-11-25','656-456-0221','lhandscombei7@addthis.com','0 Corben Plaza'),(657,'Gaultiero','Hatherleigh','2015-11-05','786-138-8841','ghatherleighi8@imgur.com','8210 Huxley Court'),(658,'Valentin','Orteu','2000-12-08','424-975-3753','vorteui9@army.mil','595 Nobel Parkway'),(659,'Gerek','Rowbotham','2015-03-24','877-528-2237','growbothamia@dropbox.com','599 Village Avenue'),(660,'Hercules','Terrett','2004-01-29','891-649-4690','hterrettib@yahoo.co.jp','4 Kim Road'),(661,'Aleece','Studeart','1987-10-09','583-880-9778','astudeartic@admin.ch','4647 Artisan Road'),(662,'Agretha','Gallear','1991-12-04','590-417-9464','agallearid@rediff.com','75472 Harper Terrace'),(663,'Ermina','Skechley','1986-03-30','949-408-4038','eskechleyie@printfriendly.com','7865 Susan Alley'),(664,'Vinny','Feeney','1994-09-27','379-167-2496','vfeeneyif@blog.com','0 Forster Point'),(665,'Euell','Feldbrin','2007-01-13','529-326-4583','efeldbrinig@disqus.com','0858 Bonner Avenue'),(666,'Kirsteni','Ligertwood','2000-05-19','667-979-3847','kligertwoodih@bigcartel.com','5659 Grasskamp Place'),(667,'Dyanna','Smallpiece','1986-11-26','319-720-6586','dsmallpieceii@free.fr','8 Dennis Parkway'),(668,'Silas','Arnall','1986-08-10','909-327-6349','sarnallij@google.fr','4 Surrey Plaza'),(669,'Janna','Pactat','2010-11-17','588-259-1748','jpactatik@microsoft.com','72 Tomscot Place'),(670,'Wallace','Sommerfeld','2009-04-08','221-950-9911','wsommerfeldil@uol.com.br','4 Marcy Avenue'),(671,'Lammond','Macauley','2003-03-18','390-700-5455','lmacauleyim@scientificamerican.com','6 Mendota Avenue'),(672,'Cherish','Tuther','1993-03-01','167-530-7450','ctutherin@fc2.com','23 Mesta Lane'),(673,'Alexia','Bugge','1992-10-17','954-633-3394','abuggeio@yahoo.com','3 Aberg Avenue'),(674,'Tallulah','Halliberton','2014-12-25','108-452-6094','thallibertonip@princeton.edu','0120 Coleman Avenue'),(675,'Bellina','Feeley','2002-02-13','242-112-4772','bfeeleyiq@redcross.org','8 Clyde Gallagher Hill'),(676,'Suki','Antonellini','1996-06-30','403-169-9532','santonelliniir@forbes.com','6430 Glendale Circle'),(677,'Dulcie','Halloway','2012-12-04','299-146-7618','dhallowayis@taobao.com','2846 Corben Plaza'),(678,'Liliane','Fortman','2014-12-14','212-831-8163','lfortmanit@vistaprint.com','08701 3rd Drive'),(679,'Torey','Ivy','2015-08-30','547-728-1925','tivyiu@bandcamp.com','824 7th Drive'),(680,'Geno','Di Francecshi','2006-11-17','811-120-5157','gdifrancecshiiv@globo.com','1915 Mifflin Circle'),(681,'Angil','Village','2005-11-26','101-532-8883','avillageiw@com.com','6 Birchwood Park'),(682,'Bee','Turban','1987-10-16','193-876-0280','bturbanix@discovery.com','51 Mosinee Drive'),(683,'Elvyn','Birnie','1985-01-15','921-407-8232','ebirnieiy@smh.com.au','3 Claremont Crossing'),(684,'Sansone','Blinder','2010-11-07','597-970-4519','sblinderiz@t.co','13498 Loomis Avenue'),(685,'Chrystal','MacDavitt','1994-08-02','344-253-1963','cmacdavittj0@squarespace.com','2752 Bartillon Pass'),(686,'Robin','Van De Cappelle','1994-04-21','190-308-5292','rvandecappellej1@hao123.com','9373 Lindbergh Avenue'),(687,'Tallou','Yerrall','2012-10-16','527-820-1491','tyerrallj2@slashdot.org','755 Raven Place'),(688,'Theda','Haukey','2008-03-16','530-352-4282','thaukeyj3@oaic.gov.au','7 Fuller Parkway'),(689,'Tracy','Moneypenny','2016-02-14','784-136-7154','tmoneypennyj4@adobe.com','817 Carey Crossing'),(690,'Lidia','Oades','2005-12-08','667-717-0813','loadesj5@wired.com','65 Hudson Road'),(691,'Francyne','Trembley','1987-11-06','314-940-5780','ftrembleyj6@multiply.com','2273 Vidon Drive'),(692,'Raimundo','Alten','2013-10-25','112-425-7514','raltenj7@topsy.com','89026 Mendota Pass'),(693,'Tommie','Gillie','1993-11-11','378-358-8500','tgilliej8@list-manage.com','114 Novick Trail'),(694,'Arie','Raddenbury','1994-09-14','375-875-1285','araddenburyj9@amazon.de','954 Texas Way'),(695,'Raine','Clayworth','2002-06-17','460-179-0089','rclayworthja@jalbum.net','31453 Artisan Trail'),(696,'Yoshi','Aucott','2015-05-14','478-218-7321','yaucottjb@princeton.edu','869 Basil Trail'),(697,'Teddi','Linklet','2015-07-10','640-782-6180','tlinkletjc@mlb.com','32 Daystar Lane'),(698,'Jinny','Keizman','1991-03-17','561-430-1216','jkeizmanjd@cocolog-nifty.com','0 Ronald Regan Lane'),(699,'Manya','Laba','2001-12-31','937-406-2065','mlabaje@wunderground.com','99 Novick Way'),(700,'L;urette','Silverstone','1986-12-13','351-821-8427','lsilverstonejf@phpbb.com','30866 Grover Avenue'),(701,'Annalise','O\'Doogan','2012-01-03','876-755-3861','aodooganjg@dmoz.org','1 Anhalt Crossing'),(702,'Warner','Avo','2015-01-22','329-850-7897','wavojh@cdbaby.com','04 Vermont Street'),(703,'Cristie','Rasor','1994-08-09','509-813-3376','crasorji@opensource.org','9772 Hollow Ridge Park'),(704,'Jermain','Rubinowicz','1994-08-22','882-681-1877','jrubinowiczjj@icq.com','4 Quincy Lane'),(705,'Isacco','Fellgate','2004-11-06','849-136-7689','ifellgatejk@over-blog.com','94024 Randy Junction'),(706,'Dillie','Pyke','1987-05-14','910-889-5825','dpykejl@cpanel.net','9 Northridge Junction'),(707,'Marlene','Biskupiak','1986-04-25','782-391-1607','mbiskupiakjm@wp.com','579 Little Fleur Road'),(708,'Jimmy','Python','1994-03-02','724-837-1559','jpythonjn@comsenz.com','5 Merry Place'),(709,'Alli','Stabbins','2014-02-04','497-107-3587','astabbinsjo@shutterfly.com','24438 Lighthouse Bay Parkway'),(710,'Hilary','Youtead','2014-10-24','820-677-2732','hyouteadjp@creativecommons.org','813 Red Cloud Road'),(711,'Lothaire','Blazynski','2015-04-01','152-703-4063','lblazynskijq@skyrock.com','3 Marcy Circle'),(712,'Berk','Pingston','2006-05-09','723-364-4724','bpingstonjr@nsw.gov.au','9208 Golf View Street'),(713,'Dwain','Toll','2001-04-15','393-379-0754','dtolljs@youku.com','4310 Trailsway Road'),(714,'Carie','Brose','2012-04-11','456-387-9839','cbrosejt@oaic.gov.au','2 Dottie Way'),(715,'Lyle','Stilgo','2005-01-20','555-283-0012','lstilgoju@friendfeed.com','21171 Goodland Street'),(716,'Enrika','Olivi','1991-03-19','320-972-3350','eolivijv@nytimes.com','0611 Meadow Ridge Pass'),(717,'Abeu','Lockitt','2002-05-02','516-255-5852','alockittjw@nsw.gov.au','9679 Grover Place'),(718,'Arnuad','Tall','2016-01-02','783-991-7871','atalljx@blogtalkradio.com','257 Ramsey Center'),(719,'Tatum','Shall','2011-05-02','321-498-9129','tshalljy@army.mil','7277 Mayer Avenue'),(720,'Joell','Killshaw','2010-03-08','801-862-3737','jkillshawjz@desdev.cn','6250 Leroy Circle'),(721,'Anna-diane','Jacmard','1986-12-08','595-965-9210','ajacmardk0@taobao.com','07553 Kensington Street'),(722,'Thorny','Henrys','1999-11-27','600-208-6732','thenrysk1@chron.com','7 Kingsford Street'),(723,'Lulita','MacKonochie','1993-08-27','354-679-0565','lmackonochiek2@desdev.cn','7511 Transport Lane'),(724,'Raychel','Barnwill','2000-02-26','111-373-4019','rbarnwillk3@sohu.com','1444 Clemons Avenue'),(725,'Melisenda','Whillock','2001-08-29','231-620-7901','mwhillockk4@shop-pro.jp','251 Rigney Alley'),(726,'Tiff','Mildner','1987-05-04','623-476-1451','tmildnerk5@liveinternet.ru','6 Hoffman Road'),(727,'Mair','Ruffles','2008-09-28','489-750-7640','mrufflesk6@twitter.com','56563 Stang Junction'),(728,'Lemar','Hamner','2009-07-17','645-827-9599','lhamnerk7@51.la','95 Westridge Center'),(729,'Julio','Degli Abbati','2011-10-07','179-303-3929','jdegliabbatik8@stanford.edu','37 Hudson Avenue'),(730,'Corinne','Whitmarsh','2002-09-17','459-585-7634','cwhitmarshk9@51.la','57961 Weeping Birch Point'),(731,'Frasquito','Cassidy','1994-12-08','436-702-6337','fcassidyka@unesco.org','1019 Superior Crossing'),(732,'Sarette','Selway','2003-03-04','320-607-6326','sselwaykb@yellowbook.com','69 Melvin Hill'),(733,'Fremont','Wraxall','2010-07-06','692-422-4090','fwraxallkc@webmd.com','82 Stone Corner Parkway'),(734,'Rosalia','Jenman','1998-09-14','914-435-3642','rjenmankd@hostgator.com','0 Lakewood Gardens Terrace'),(735,'Krysta','Hotchkin','1987-12-08','456-598-9219','khotchkinke@hexun.com','2 Sommers Point'),(736,'Robby','Glassman','2004-04-29','141-685-3853','rglassmankf@hc360.com','1 Cottonwood Trail'),(737,'Janetta','Eggar','2009-09-08','118-825-6179','jeggarkg@jugem.jp','26535 Fisk Pass'),(738,'Barbey','Waszkiewicz','2016-07-12','838-598-3858','bwaszkiewiczkh@clickbank.net','6392 Coleman Place'),(739,'Suzy','Rudge','1987-11-04','185-661-8830','srudgeki@creativecommons.org','48400 John Wall Trail'),(740,'Nollie','Gavriel','1990-04-22','362-139-2969','ngavrielkj@quantcast.com','846 Farragut Way'),(741,'Vinni','Paice','2015-11-29','906-512-0431','vpaicekk@rediff.com','0 Surrey Drive'),(742,'Cosme','Willgress','1990-07-28','774-927-6678','cwillgresskl@cloudflare.com','25 Loeprich Street'),(743,'Giovanna','Ferrer','1991-05-08','174-392-5840','gferrerkm@dropbox.com','97383 Vahlen Road'),(744,'Pearla','Beddard','1991-03-19','899-102-8787','pbeddardkn@creativecommons.org','87 Thierer Terrace'),(745,'Joachim','Belleny','1990-01-27','336-735-9261','jbellenyko@washington.edu','37 Dryden Crossing'),(746,'Hettie','Kahane','2011-09-23','168-586-4225','hkahanekp@tmall.com','9 Meadow Vale Lane'),(747,'Ilyssa','McLaughlin','1986-09-22','433-114-5579','imclaughlinkq@ed.gov','84 Beilfuss Terrace'),(748,'Stafford','Skillern','2011-11-03','728-802-2803','sskillernkr@unesco.org','31481 Garrison Alley'),(749,'Annnora','Sawrey','2005-03-06','257-212-6875','asawreyks@opera.com','511 Jackson Crossing'),(750,'Cull','Whittick','1997-04-14','765-203-3983','cwhittickkt@tuttocitta.it','6637 Artisan Junction'),(751,'Oralla','Lehenmann','2008-06-04','825-526-0017','olehenmannku@t.co','1686 Shasta Crossing'),(752,'Roanna','Dewhurst','1986-10-31','896-425-3184','rdewhurstkv@discovery.com','8 Aberg Road'),(753,'Coriss','Dieton','2008-09-15','917-464-1883','cdietonkw@vkontakte.ru','9 Dixon Parkway'),(754,'Ravid','Chaloner','2012-11-20','982-440-3415','rchalonerkx@mac.com','04 Utah Road'),(755,'Kristofor','Stieger','2003-12-18','704-314-2708','kstiegerky@twitpic.com','445 Graceland Circle'),(756,'Bordy','Brayley','2001-12-18','934-548-5484','bbrayleykz@webs.com','17476 Brentwood Alley'),(757,'Lotti','Waghorne','2015-12-11','769-114-2711','lwaghornel0@soup.io','23828 Vahlen Point'),(758,'Olympie','Pechan','1988-12-10','932-648-8903','opechanl1@pagesperso-orange.fr','9923 Westend Park'),(759,'Alma','Fortesquieu','1994-09-27','401-691-7597','afortesquieul2@bigcartel.com','8 Golf View Court'),(760,'Baryram','Gimbart','2009-12-04','772-151-3428','bgimbartl3@disqus.com','7378 Mesta Crossing'),(761,'Haven','Hannond','1994-04-16','811-124-9503','hhannondl4@topsy.com','37 Dexter Pass'),(762,'Tommy','Van der Linde','2014-06-15','517-426-8040','tvanderlindel5@bbb.org','07 Golf Alley'),(763,'Georges','Boutton','1998-11-24','668-303-9445','gbouttonl6@google.it','957 Atwood Drive'),(764,'Amory','Pindell','2000-11-08','434-112-2445','apindelll7@mail.ru','66319 Carpenter Point'),(765,'Bard','Gorrissen','2006-04-11','750-981-2180','bgorrissenl8@addthis.com','7 Eastwood Trail'),(766,'Theodosia','Hissie','2006-10-22','630-471-5972','thissiel9@cbsnews.com','1 Hayes Trail'),(767,'Ned','Trevain','1991-02-09','717-193-9627','ntrevainla@over-blog.com','4 Heffernan Point'),(768,'Aharon','Dinan','2009-12-17','805-245-7482','adinanlb@dion.ne.jp','7 Raven Parkway'),(769,'Aretha','Lampet','2004-08-02','751-518-9240','alampetlc@auda.org.au','24 Tomscot Way'),(770,'Garvin','Vanner','2014-10-31','800-946-0207','gvannerld@technorati.com','4965 Petterle Pass'),(771,'Cayla','Wolfart','2003-11-19','852-807-6771','cwolfartle@cam.ac.uk','0171 Summer Ridge Point'),(772,'Burgess','Casement','1995-08-10','981-610-3673','bcasementlf@ucsd.edu','12 Brickson Park Park'),(773,'Earlie','Ferrelli','1987-05-09','368-564-3943','eferrellilg@ft.com','9 Merrick Drive'),(774,'Toddy','Stebles','2013-03-14','276-937-7251','tstebleslh@purevolume.com','4 Dapin Hill'),(775,'Lennard','Stilling','1989-04-15','786-111-7648','lstillingli@mac.com','18 Sauthoff Point'),(776,'Harv','De Biasi','2010-08-02','567-279-0996','hdebiasilj@examiner.com','44838 Russell Court'),(777,'Ben','Toller','1992-10-06','781-624-7869','btollerlk@stumbleupon.com','9308 Havey Avenue'),(778,'Gustave','Flecknell','2016-04-27','682-591-1118','gflecknellll@theguardian.com','3 Golf Drive'),(779,'Donica','Mossman','1994-06-02','624-182-3442','dmossmanlm@sourceforge.net','06 Surrey Alley'),(780,'Ora','Pirouet','2008-05-28','563-961-1382','opirouetln@state.gov','5 Kings Alley'),(781,'Bastian','Crosston','1991-05-15','894-874-0970','bcrosstonlo@weebly.com','206 Tomscot Center'),(782,'Ralf','Knapton','1986-11-28','820-521-5566','rknaptonlp@uiuc.edu','1986 Pennsylvania Way'),(783,'Courtnay','Arger','1999-10-18','711-909-6993','cargerlq@lycos.com','4 Main Circle'),(784,'Dix','Yakovich','2002-08-31','443-490-4805','dyakovichlr@desdev.cn','723 Crest Line Terrace'),(785,'Jessie','Tatham','1984-10-25','792-720-0796','jtathamls@is.gd','895 Iowa Court'),(786,'Amelina','Verrill','1991-09-22','326-914-3928','averrilllt@bizjournals.com','25407 Ilene Point'),(787,'Sheffy','Killford','1999-08-29','149-812-6631','skillfordlu@networkadvertising.org','86 Waxwing Junction'),(788,'Martie','Dossettor','2009-06-19','910-697-7420','mdossettorlv@networksolutions.com','06596 Shoshone Crossing'),(789,'Francisco','Llorens','1999-06-02','358-851-5621','fllorenslw@merriam-webster.com','519 Luster Place'),(790,'Silvain','Kobpal','1996-03-12','512-294-8528','skobpallx@earthlink.net','723 Butterfield Plaza'),(791,'Kameko','Foulks','1998-03-07','835-476-9558','kfoulksly@latimes.com','8 Rutledge Plaza'),(792,'Tallie','Ditch','2013-07-12','464-577-1647','tditchlz@w3.org','28 Toban Pass'),(793,'Averil','Legrand','2012-08-11','626-507-3755','alegrandm0@china.com.cn','19 Hooker Drive'),(794,'Shane','Adkin','1986-12-25','576-286-1209','sadkinm1@mysql.com','65774 Briar Crest Road'),(795,'Dianne','Jacobovitz','1988-06-18','727-552-1796','djacobovitzm2@washington.edu','76303 Loeprich Junction'),(796,'Teddy','Huckfield','2012-03-14','831-298-7825','thuckfieldm3@msn.com','3262 Mallard Plaza'),(797,'Adora','Hartfleet','1991-10-04','499-126-6491','ahartfleetm4@google.pl','93286 Shelley Court'),(798,'Jori','McKain','1990-12-22','591-726-0063','jmckainm5@clickbank.net','8 Stoughton Drive'),(799,'Anita','Rannald','2014-11-03','987-132-6194','arannaldm6@homestead.com','1047 Bartillon Lane'),(800,'Nathalia','Lutas','2016-05-31','361-136-9964','nlutasm7@bing.com','483 Fremont Terrace'),(801,'Laryssa','Roaf','2010-06-09','976-784-9880','lroafm8@microsoft.com','250 Brickson Park Trail'),(802,'Othella','Fairnie','1996-12-19','238-974-7063','ofairniem9@un.org','15535 Linden Parkway'),(803,'Minna','Edwardson','2011-06-22','616-359-6393','medwardsonma@hud.gov','33096 Fairfield Parkway'),(804,'Cleve','Robinson','2000-05-31','693-117-0480','crobinsonmb@gnu.org','59 Columbus Junction'),(805,'Delano','Wynrahame','2015-07-15','395-271-6385','dwynrahamemc@reuters.com','86071 Mallory Center'),(806,'Maryjo','Aime','1991-05-24','904-399-3611','maimemd@wikipedia.org','21794 Spaight Circle'),(807,'Krystal','Bigmore','1991-11-21','229-687-7530','kbigmoreme@upenn.edu','684 Onsgard Plaza'),(808,'Karleen','Childers','2005-07-04','921-312-1972','kchildersmf@ucoz.com','25 Hoepker Lane'),(809,'Twyla','Roon','2015-11-19','780-354-9636','troonmg@squarespace.com','98886 Claremont Drive'),(810,'Myca','Kabos','1989-07-03','748-350-8281','mkabosmh@theatlantic.com','63 2nd Avenue'),(811,'Kirby','Follos','1992-11-08','896-298-3487','kfollosmi@cmu.edu','573 Glacier Hill Trail'),(812,'Poppy','Raddin','2004-12-13','257-871-4978','praddinmj@lulu.com','4 Maple Drive'),(813,'Leif','McAndie','2003-06-05','597-167-0228','lmcandiemk@devhub.com','80 Kennedy Place'),(814,'Derron','Surfleet','1990-02-24','325-234-6392','dsurfleetml@amazon.co.jp','965 Glacier Hill Crossing'),(815,'Towny','Pressnell','1999-04-08','801-242-8549','tpressnellmm@trellian.com','1 American Ash Junction'),(816,'Zola','Vassar','1986-09-01','173-502-6169','zvassarmn@ask.com','94718 Schurz Avenue'),(817,'Beatrix','Yatman','1986-02-27','813-402-2459','byatmanmo@sina.com.cn','75 Northland Alley'),(818,'Johnette','Boyet','2014-09-21','983-991-7688','jboyetmp@fc2.com','740 Hudson Alley'),(819,'Kaylee','O\'Glassane','2003-10-12','772-803-8769','koglassanemq@dell.com','442 Lakewood Road'),(820,'Rita','Dayment','2009-07-01','833-339-0263','rdaymentmr@independent.co.uk','7739 Pepper Wood Junction'),(821,'Horatio','Mish','2005-06-25','445-756-3180','hmishms@bloomberg.com','474 Mariners Cove Hill'),(822,'Rice','McCarter','1994-01-24','875-293-8639','rmccartermt@bloomberg.com','3 Barnett Avenue'),(823,'Trevar','Jacomb','2006-06-06','282-331-9145','tjacombmu@un.org','96970 Dayton Center'),(824,'Ricardo','Radwell','2013-11-28','755-902-4594','rradwellmv@earthlink.net','80086 Stuart Lane'),(825,'Goldia','Brunone','2003-07-28','665-602-6313','gbrunonemw@msu.edu','37854 Sunfield Plaza'),(826,'Urbano','Suarez','1990-01-29','192-813-3198','usuarezmx@elegantthemes.com','4778 Fallview Center'),(827,'Estel','Ravenscraft','1988-05-20','341-707-8815','eravenscraftmy@taobao.com','3209 Sherman Road'),(828,'Clarence','Males','2015-01-20','426-651-9256','cmalesmz@amazon.co.jp','69 Northfield Circle'),(829,'Aleksandr','Edden','2015-03-14','828-175-4216','aeddenn0@nhs.uk','6 Bultman Junction'),(830,'Tiphanie','Plom','2013-04-26','167-522-6818','tplomn1@dagondesign.com','2673 Fairview Terrace'),(831,'Mabel','Scarce','1999-07-06','693-644-6753','mscarcen2@disqus.com','48406 Artisan Junction'),(832,'Elwin','Flavelle','2011-09-16','891-157-3678','eflavellen3@wunderground.com','97529 Beilfuss Hill'),(833,'Valentine','Wickwarth','1990-10-19','146-927-1526','vwickwarthn4@liveinternet.ru','1561 Logan Street'),(834,'Lewiss','McGeever','2012-11-14','181-514-5156','lmcgeevern5@go.com','9708 Barby Plaza'),(835,'Bennie','Darree','1985-07-11','986-398-5265','bdarreen6@go.com','55 Loeprich Park'),(836,'Daryl','Tertre','1999-03-24','319-620-9701','dtertren7@xrea.com','72993 Veith Parkway'),(837,'Fonsie','Wroath','1993-10-14','765-833-6699','fwroathn8@cnbc.com','0 Blue Bill Park Lane'),(838,'Barbe','Corbyn','1990-02-10','941-691-2592','bcorbynn9@spiegel.de','8 Shoshone Drive'),(839,'Arther','Morrad','2005-11-08','515-277-8989','amorradna@toplist.cz','8 Pine View Terrace'),(840,'Sean','Caush','2004-06-24','203-222-4359','scaushnb@ft.com','04564 Logan Plaza'),(841,'Abe','Hollingshead','2011-06-03','139-552-6637','ahollingsheadnc@upenn.edu','6 Esch Point'),(842,'Micheil','Stang-Gjertsen','1988-07-27','992-719-3925','mstanggjertsennd@tripadvisor.com','86 Ilene Court'),(843,'Hildegaard','Lackey','2006-02-26','729-779-6775','hlackeyne@seesaa.net','9 North Court'),(844,'Breena','Blemings','2011-09-28','800-415-8162','bblemingsnf@ted.com','6 American Junction'),(845,'Esmeralda','Trousdell','2009-07-06','379-258-0182','etrousdellng@bloomberg.com','439 Main Plaza'),(846,'Roderick','Langfitt','1992-02-17','155-997-5929','rlangfittnh@springer.com','13266 Westerfield Place'),(847,'Harcourt','Moulden','1997-01-25','457-897-1824','hmouldenni@redcross.org','72 Charing Cross Center'),(848,'Cinderella','Northin','1992-05-21','315-869-0412','cnorthinnj@gov.uk','57544 Pankratz Trail'),(849,'Hailey','Parmby','2013-10-27','317-278-7126','hparmbynk@wix.com','529 Hudson Place'),(850,'Koralle','Rigge','1997-11-18','798-418-0212','kriggenl@1688.com','4354 Sachtjen Pass'),(851,'Hammad','Hankinson','2001-05-25','796-957-6730','hhankinsonnm@odnoklassniki.ru','8010 Garrison Alley'),(852,'Harv','Osler','1985-11-29','766-262-9627','hoslernn@moonfruit.com','929 Packers Alley'),(853,'Cassaundra','Burchmore','2014-06-08','191-690-8998','cburchmoreno@theatlantic.com','09 Harper Drive'),(854,'Debor','Whetton','2012-04-20','374-343-0378','dwhettonnp@1und1.de','352 4th Park'),(855,'Brianne','Lowdwell','1988-08-23','684-938-2810','blowdwellnq@columbia.edu','86 Sunbrook Terrace'),(856,'Camille','Spurman','2007-04-06','394-226-1643','cspurmannr@china.com.cn','8384 American Circle'),(857,'Carma','Benazet','2009-11-26','149-900-1613','cbenazetns@youtu.be','996 Valley Edge Trail'),(858,'Lovell','Swatheridge','2007-04-27','473-381-9918','lswatheridgent@delicious.com','1931 Monument Plaza'),(859,'Fonzie','McAlees','1987-02-13','869-627-9697','fmcaleesnu@purevolume.com','07476 Dahle Road'),(860,'Lydia','Pahl','2004-07-24','564-239-8099','lpahlnv@lycos.com','18 Bluejay Terrace'),(861,'Dacey','Meiningen','2007-09-05','295-995-1541','dmeiningennw@google.nl','2310 Pawling Center'),(862,'Alica','Valde','2016-04-07','212-757-8414','avaldenx@ibm.com','75 Talmadge Crossing'),(863,'Rosanna','Botting','2016-09-25','857-559-1594','rbottingny@reddit.com','8 Twin Pines Junction'),(864,'Germayne','Overill','1992-08-08','520-557-9425','goverillnz@taobao.com','644 Sommers Lane'),(865,'Charmine','Broader','2005-01-15','777-713-0323','cbroadero0@imdb.com','174 Forest Dale Plaza'),(866,'Ronny','Rubinovitch','1992-03-30','943-742-6150','rrubinovitcho1@time.com','58215 Raven Avenue'),(867,'Leyla','Pedersen','2000-11-29','813-132-0010','lpederseno2@hibu.com','92022 Brown Parkway'),(868,'Aloysia','Stepney','1985-07-07','238-230-6571','astepneyo3@creativecommons.org','58454 Duke Avenue'),(869,'Maddie','Jeakins','2009-05-20','600-616-5334','mjeakinso4@bloomberg.com','8168 Utah Center'),(870,'Kassey','Wagon','2005-01-25','153-755-7650','kwagono5@unblog.fr','9872 Manitowish Lane'),(871,'Victoir','Reboul','1991-03-23','566-888-9806','vreboulo6@cisco.com','96 Graedel Avenue'),(872,'Ambrosius','Di Matteo','1996-12-12','724-840-5012','adimatteoo7@histats.com','36934 Iowa Lane'),(873,'Augustina','Kubasek','2000-01-16','248-192-2586','akubaseko8@tuttocitta.it','33 Glacier Hill Hill'),(874,'Fifine','Pashbee','2010-12-05','367-642-1804','fpashbeeo9@craigslist.org','63770 Cardinal Court'),(875,'Filmer','Elen','1986-11-11','622-195-1379','felenoa@squidoo.com','5 Dexter Plaza'),(876,'Udell','Lethardy','2004-11-09','234-355-5849','ulethardyob@pinterest.com','296 Hallows Junction'),(877,'Coraline','Ferrillio','1999-04-29','811-785-2327','cferrilliooc@soundcloud.com','30 Susan Junction'),(878,'Cornelia','McManamon','1989-12-19','924-391-1028','cmcmanamonod@sourceforge.net','9 Heath Place'),(879,'August','Danielot','1991-03-24','407-317-3115','adanielotoe@ucsd.edu','2 Melby Terrace'),(880,'Madel','Cud','2012-08-08','524-785-4485','mcudof@goo.gl','08 Village Green Crossing'),(881,'Mara','Valentelli','1999-05-13','980-994-2269','mvalentelliog@g.co','550 Victoria Court'),(882,'Merlina','Clipson','2010-05-24','352-282-0831','mclipsonoh@auda.org.au','72336 Namekagon Avenue'),(883,'Alie','Garrand','1995-09-04','152-737-0427','agarrandoi@fema.gov','09972 Dawn Street'),(884,'Kelli','Moxham','1999-06-25','151-149-8528','kmoxhamoj@delicious.com','55777 Declaration Crossing'),(885,'Agnesse','Francesch','2004-03-20','632-375-6786','afranceschok@sitemeter.com','699 Schlimgen Lane'),(886,'Nickey','Colleford','1999-01-14','751-152-5990','ncollefordol@qq.com','3 Maywood Point'),(887,'Merilyn','Boole','1987-06-21','143-532-7153','mbooleom@psu.edu','430 Mesta Road'),(888,'Gillian','Turpin','2014-02-10','789-438-6594','gturpinon@mapy.cz','63 American Parkway'),(889,'Audra','Edgington','2015-10-21','468-688-9587','aedgingtonoo@sogou.com','7 Lerdahl Pass'),(890,'Tracy','Benardet','2002-05-13','429-626-8958','tbenardetop@cnbc.com','0245 Memorial Park'),(891,'Berta','Theodoris','2016-03-02','944-360-7083','btheodorisoq@usa.gov','22046 Briar Crest Parkway'),(892,'Ari','Orteu','2015-07-24','402-383-1398','aorteuor@un.org','71 Bartillon Circle'),(893,'Sharity','Kurtis','2004-12-16','611-230-4481','skurtisos@aboutads.info','6 American Ash Point'),(894,'Harlin','MacAlister','2006-12-04','360-830-8487','hmacalisterot@indiatimes.com','41607 Mccormick Point'),(895,'Sandy','Grave','1989-04-04','735-370-6408','sgraveou@exblog.jp','688 Miller Alley'),(896,'Shanan','Warratt','1992-12-30','645-563-0703','swarrattov@biblegateway.com','887 Crescent Oaks Point'),(897,'Lock','Frizzell','2010-12-23','695-303-3346','lfrizzellow@psu.edu','08 Hanson Pass'),(898,'Darice','Gillingham','1985-01-31','962-457-2610','dgillinghamox@cmu.edu','04756 Kinsman Court'),(899,'Shay','Synan','2015-05-07','265-295-3383','ssynanoy@google.pl','29217 Kim Avenue'),(900,'Louise','Tegeller','1999-09-13','150-394-4559','ltegelleroz@wordpress.org','48 Walton Circle'),(901,'Berni','Arkill','2006-04-29','330-925-0569','barkillp0@weather.com','23260 Ryan Crossing'),(902,'Regina','Fortin','2013-04-10','909-930-4694','rfortinp1@biblegateway.com','3 Prairie Rose Lane'),(903,'Joeann','Salvidge','1989-05-11','302-116-4197','jsalvidgep2@goodreads.com','8 Sunbrook Avenue'),(904,'Duffy','Ivetts','2014-07-09','462-557-3814','divettsp3@wikia.com','21509 Porter Point'),(905,'Felisha','Capineer','1991-10-15','319-102-0777','fcapineerp4@google.pl','480 West Court'),(906,'Sybille','Lis','1998-08-02','147-356-3965','slisp5@cocolog-nifty.com','9281 Mcguire Road'),(907,'Kristina','Danett','1996-12-10','587-103-3029','kdanettp6@soup.io','52792 International Crossing'),(908,'Winifred','Foukx','1994-08-01','239-443-3898','wfoukxp7@cornell.edu','73 Amoth Way'),(909,'Ermentrude','Austwick','2002-01-10','963-938-0754','eaustwickp8@chicagotribune.com','78 Gina Alley'),(910,'Weylin','Breazeall','2002-01-14','705-587-8504','wbreazeallp9@domainmarket.com','1 Walton Crossing'),(911,'Pepita','Saltman','2001-04-04','851-941-7227','psaltmanpa@symantec.com','3509 Union Alley'),(912,'Tamarra','Kirkham','1993-04-15','932-292-0418','tkirkhampb@npr.org','4 Crest Line Crossing'),(913,'Maximo','Sawyer','1984-11-26','423-565-4498','msawyerpc@berkeley.edu','9680 Londonderry Pass'),(914,'Kele','Furnell','1993-12-31','275-802-2512','kfurnellpd@facebook.com','2800 Myrtle Junction'),(915,'Rozalie','Whittock','2005-08-23','717-806-7256','rwhittockpe@archive.org','986 Blackbird Terrace'),(916,'Sheryl','Gisbourn','2001-04-22','642-609-1578','sgisbournpf@posterous.com','531 Schlimgen Point'),(917,'Evy','Corringham','1987-11-02','441-223-3620','ecorringhampg@dedecms.com','21 Summerview Lane'),(918,'Lorrie','Ceschelli','2011-08-24','831-838-7784','lceschelliph@earthlink.net','5 Ramsey Trail'),(919,'Bonnee','Feare','1994-06-29','685-145-1993','bfearepi@google.pl','610 Arkansas Street'),(920,'Ellswerth','Rosekilly','2015-11-13','847-907-0291','erosekillypj@over-blog.com','47098 Towne Place'),(921,'Dag','McGurn','1995-07-04','429-724-7352','dmcgurnpk@hc360.com','09 Stone Corner Point'),(922,'Muire','Lesurf','2007-06-07','259-272-2864','mlesurfpl@flickr.com','82 Lighthouse Bay Junction'),(923,'Barny','Garling','1993-08-20','901-465-7536','bgarlingpm@facebook.com','89764 Mccormick Crossing'),(924,'Ginni','Manis','2005-02-15','787-214-1629','gmanispn@mayoclinic.com','29705 Anniversary Trail'),(925,'Nickola','Gislebert','2007-12-08','439-359-4561','ngislebertpo@goo.ne.jp','75 Mayfield Trail'),(926,'Kandace','Cuzen','2006-05-30','410-203-2340','kcuzenpp@blog.com','033 Anhalt Court'),(927,'Ron','Houselee','2001-06-24','971-576-9320','rhouseleepq@gravatar.com','40 Ridgeview Junction'),(928,'Fanni','Burberry','1994-07-27','381-312-0292','fburberrypr@zdnet.com','7004 Rowland Trail'),(929,'Corey','Sharphurst','1992-02-25','969-457-9201','csharphurstps@netlog.com','177 1st Place'),(930,'Laurent','Stansby','2006-04-19','565-518-9502','lstansbypt@home.pl','0 Bartelt Terrace'),(931,'Othello','Wynrahame','2004-12-21','687-115-5781','owynrahamepu@vkontakte.ru','04432 Bashford Circle'),(932,'Cooper','Chaffer','2000-09-05','845-789-7434','cchafferpv@blogs.com','49833 Springs Circle'),(933,'Terrell','Aymes','1995-08-21','723-355-6772','taymespw@bloglines.com','1002 Waxwing Crossing'),(934,'Maura','Andreix','2001-05-19','166-313-3519','mandreixpx@usda.gov','59 Gale Circle'),(935,'Bertie','Roycroft','1995-04-02','141-945-1642','broycroftpy@163.com','30680 3rd Terrace'),(936,'Parry','Gain','1993-06-02','120-631-8097','pgainpz@seattletimes.com','3 Thierer Plaza'),(937,'Heall','Frie','1990-08-27','245-247-0844','hfrieq0@wiley.com','562 Melody Plaza'),(938,'Darnell','Hardy','1988-06-25','702-606-7454','dhardyq1@163.com','5 Anhalt Avenue'),(939,'Brockie','Sonnenschein','1994-11-11','194-582-0696','bsonnenscheinq2@edublogs.org','2 Lotheville Park'),(940,'Camille','Crumby','2001-03-22','121-776-2751','ccrumbyq3@unesco.org','4 Troy Court'),(941,'Blithe','Varran','2011-06-14','689-123-6101','bvarranq4@storify.com','79 Bunting Junction'),(942,'Garrot','Rigden','2008-12-24','251-135-7102','grigdenq5@php.net','6 Kinsman Crossing'),(943,'Florida','Hellicar','2006-04-04','723-852-9428','fhellicarq6@xrea.com','8018 Holy Cross Plaza'),(944,'Roderich','Puttock','2009-05-20','699-618-0287','rputtockq7@ow.ly','186 Luster Lane'),(945,'Franchot','Kraft','1998-08-13','426-309-7861','fkraftq8@clickbank.net','34 Sycamore Center'),(946,'Consalve','Oxtiby','1993-08-29','677-121-1652','coxtibyq9@irs.gov','8 Shoshone Drive'),(947,'Garry','Bickerdicke','1995-12-04','795-175-1528','gbickerdickeqa@google.de','8 Delaware Pass'),(948,'Sephira','Greasley','2000-12-25','940-675-9302','sgreasleyqb@imageshack.us','2 Eliot Drive'),(949,'Gabbie','Soreau','2002-07-10','850-763-0672','gsoreauqc@ft.com','2 Marquette Court'),(950,'Kippie','Rosborough','2005-06-09','389-788-2173','krosboroughqd@php.net','05186 Charing Cross Road'),(951,'Anestassia','Gilburt','1995-11-30','900-837-0305','agilburtqe@arstechnica.com','16 Manley Drive'),(952,'Alie','Probin','1988-06-09','634-297-4130','aprobinqf@bloomberg.com','8619 Stang Terrace'),(953,'Graham','Wudeland','1993-02-27','421-767-9518','gwudelandqg@lulu.com','7 Carberry Center'),(954,'Hernando','Loveridge','1990-06-18','191-107-6472','hloveridgeqh@ucoz.ru','101 Barnett Alley'),(955,'Mohandis','Talmadge','1995-08-01','904-294-8266','mtalmadgeqi@ucla.edu','93423 Merry Parkway'),(956,'Letizia','Gai','2001-09-15','138-613-0720','lgaiqj@infoseek.co.jp','93666 Surrey Park'),(957,'Winslow','Brass','1984-11-13','593-167-1548','wbrassqk@cargocollective.com','30 Dawn Pass'),(958,'Iago','Rigler','2006-06-02','543-522-4078','iriglerql@yellowbook.com','70191 Bunker Hill Circle'),(959,'Somerset','Hennemann','2014-09-14','453-182-5829','shennemannqm@prnewswire.com','614 Bartelt Road'),(960,'Michelle','Brotherton','2000-03-09','573-870-5946','mbrothertonqn@mtv.com','201 Mallard Plaza'),(961,'Derril','Low','1999-10-11','504-248-2770','dlowqo@elegantthemes.com','54 Namekagon Junction'),(962,'Sylvester','Potts','1999-10-10','184-220-0643','spottsqp@home.pl','03277 Ludington Terrace'),(963,'Drusi','Doncaster','1987-07-30','120-453-3952','ddoncasterqq@sun.com','4 Bashford Parkway'),(964,'Niels','Saterweyte','2013-08-01','144-962-8600','nsaterweyteqr@diigo.com','912 Harbort Circle'),(965,'Blinni','Kalkhoven','1987-03-25','860-178-9922','bkalkhovenqs@google.ca','46244 Marcy Lane'),(966,'Fancie','Odney','2004-08-03','465-478-7082','fodneyqt@washingtonpost.com','2312 Clarendon Park'),(967,'Andreana','Killick','2003-03-13','995-786-7850','akillickqu@google.com.au','105 International Drive'),(968,'Nikita','Stanworth','2000-01-17','841-635-7615','nstanworthqv@comsenz.com','02 Cardinal Pass'),(969,'Gerri','McLenaghan','1990-12-10','206-412-1894','gmclenaghanqw@unblog.fr','37362 Bultman Trail'),(970,'Rube','Heel','1986-08-30','741-873-1128','rheelqx@tripod.com','162 Butterfield Point'),(971,'Una','Curneen','1989-12-02','282-981-9267','ucurneenqy@yellowbook.com','852 Fieldstone Alley'),(972,'Alicia','Lelliott','1989-12-21','339-919-9456','alelliottqz@nifty.com','28924 Hauk Plaza'),(973,'Berkie','Faircloth','2015-09-26','711-930-7095','bfairclothr0@e-recht24.de','900 Oriole Way'),(974,'Sergent','Critchlow','1996-03-28','332-438-5166','scritchlowr1@addtoany.com','37257 Green Ridge Place'),(975,'Preston','Tedder','1996-06-08','338-976-6034','ptedderr2@usnews.com','2838 Dahle Trail'),(976,'Stevy','Roskams','2011-05-21','872-451-8770','sroskamsr3@weather.com','29 Duke Point'),(977,'Misha','Threlfall','2014-09-09','306-755-9623','mthrelfallr4@amazon.co.jp','25 Corry Drive'),(978,'Kippie','Meco','2009-02-13','797-682-6197','kmecor5@hubpages.com','529 Lighthouse Bay Alley'),(979,'Burg','Reppaport','1992-02-29','935-722-5171','breppaportr6@wix.com','445 Fairview Lane'),(980,'Clotilda','Bladen','1988-07-20','516-155-1894','cbladenr7@earthlink.net','20 Forest Dale Place'),(981,'Zolly','Kibbye','1993-08-17','631-184-1380','zkibbyer8@globo.com','8 Jackson Hill'),(982,'Sanderson','Reuss','1998-03-10','843-889-7112','sreussr9@nba.com','89082 Bowman Place'),(983,'Joeann','Hurley','2006-08-17','401-294-6009','jhurleyra@answers.com','8 Victoria Trail'),(984,'Sadie','McKerron','1994-09-24','566-936-9405','smckerronrb@techcrunch.com','9222 Sunbrook Way'),(985,'Son','Maplestone','1986-01-23','450-231-6975','smaplestonerc@mail.ru','3593 Northfield Center'),(986,'Gaby','Gerrey','2002-09-14','190-589-7702','ggerreyrd@seattletimes.com','22 School Way'),(987,'Tab','Playfoot','1984-10-31','547-507-3931','tplayfootre@webmd.com','750 Bunker Hill Avenue'),(988,'Merwin','Twinterman','2000-04-06','318-948-9727','mtwintermanrf@unicef.org','0390 Bellgrove Hill'),(989,'Kimberley','Billin','1990-08-05','505-431-7859','kbillinrg@infoseek.co.jp','66 Sunnyside Parkway'),(990,'Sophia','McArd','2000-08-02','800-687-8299','smcardrh@dell.com','4567 Drewry Crossing'),(991,'Editha','Pershouse','2010-07-17','529-949-9538','epershouseri@netscape.com','05 Scofield Point'),(992,'Bethena','Heliar','2005-05-23','347-398-2707','bheliarrj@fema.gov','9891 Laurel Place'),(993,'Koral','Mulcaster','2014-02-11','628-207-1045','kmulcasterrk@oaic.gov.au','345 Valley Edge Park'),(994,'Charis','Standring','2014-11-05','870-404-2593','cstandringrl@usda.gov','9 Roth Trail'),(995,'Udale','Della','2003-05-19','784-367-5839','udellarm@51.la','1 Summer Ridge Place'),(996,'Kris','Desborough','2004-05-02','931-999-1729','kdesboroughrn@histats.com','2 Acker Terrace'),(997,'Ilise','Davydoch','2014-06-14','938-141-6875','idavydochro@friendfeed.com','31 Kennedy Pass'),(998,'Elicia','Larman','2004-02-01','249-747-5290','elarmanrp@godaddy.com','3 Westridge Terrace'),(999,'Ferguson','Edinburough','1989-11-18','369-436-3728','fedinburoughrq@nasa.gov','6350 Summer Ridge Junction'),(1000,'Steffie','Lerer','2016-06-05','753-871-0458','slererrr@ucsd.edu','7 Roth Junction');
/*!40000 ALTER TABLE `Students` ENABLE KEYS */;
UNLOCK TABLES;

--
-- Table structure for table `Teachers`
--

DROP TABLE IF EXISTS `Teachers`;
/*!40101 SET @saved_cs_client     = @@character_set_client */;
/*!40101 SET character_set_client = utf8 */;
CREATE TABLE `Teachers` (
  `TeacherID` int(11) NOT NULL AUTO_INCREMENT,
  `Name` varchar(20) NOT NULL,
  `Surname` varchar(20) NOT NULL,
  `Phone` varchar(13) NOT NULL,
  `Email` varchar(30) NOT NULL,
  PRIMARY KEY (`TeacherID`),
  UNIQUE KEY `Email` (`Email`)
) ENGINE=InnoDB AUTO_INCREMENT=33 DEFAULT CHARSET=utf8mb4;
/*!40101 SET character_set_client = @saved_cs_client */;

--
-- Dumping data for table `Teachers`
--

LOCK TABLES `Teachers` WRITE;
/*!40000 ALTER TABLE `Teachers` DISABLE KEYS */;
INSERT INTO `Teachers` VALUES (1,'Carolina','Manuely','366-512-7592','cmanuely0@list-manage.com'),(2,'Hanson','Dullard','750-931-9248','hdullard1@studiopress.com'),(3,'Michelina','Duker','649-351-5956','mduker2@ca.gov'),(4,'Archambault','Baud','777-273-5087','abaud3@about.me'),(5,'Rosabella','Filchakov','823-852-9780','rfilchakov4@un.org'),(6,'Eugenie','Cruickshanks','363-836-7544','ecruickshanks5@msn.com'),(7,'Hart','Garthland','799-332-3855','hgarthland6@tmall.com'),(8,'Matthaeus','Liccardo','636-448-6636','mliccardo7@arstechnica.com'),(9,'Dalt','Drust','875-478-3190','ddrust8@webeden.co.uk'),(10,'Viva','Cellone','826-522-8874','vcellone9@bloomberg.com'),(11,'Christian','Ciccarello','888-312-8047','cciccarelloa@answers.com'),(12,'Pattie','Yakobovitz','895-917-6653','pyakobovitzb@vinaora.com'),(13,'Haslett','Vanyutin','181-756-7788','hvanyutinc@paginegialle.it'),(14,'Darbie','Yurkevich','247-248-2204','dyurkevichd@nyu.edu'),(15,'Reagen','Matz','351-337-1700','rmatze@alexa.com'),(16,'Heidi','Catto','119-888-5253','hcattof@go.com'),(17,'Aarika','Hasluck','782-864-8179','ahasluckg@virginia.edu'),(18,'Jennilee','Stoffers','106-850-5035','jstoffersh@salon.com'),(19,'Christye','Housego','229-143-7900','chousegoi@webnode.com'),(20,'Giselbert','Pechard','464-547-0515','gpechardj@smh.com.au'),(21,'Kippie','Henkens','215-321-2709','khenkensk@newyorker.com'),(22,'Heidi','Firbank','653-917-6037','mfirbankl@fda.gov'),(23,'Raye','Georgeon','877-858-1682','rgeorgeonm@usnews.com'),(24,'Bel','Bertome','915-425-6441','bbertomen@nymag.com'),(25,'Augusto','Tomkowicz','692-190-9680','atomkowiczo@facebook.com'),(26,'Kev','Bodega','923-216-3679','kbodegap@china.com.cn'),(27,'Gene','Polye','797-547-0026','gpolyeq@abc.net.au'),(28,'Marys','Savins','703-245-2276','msavinsr@sbwire.com'),(29,'Brandy','Rains','801-367-5406','brainss@soup.io'),(30,'Bendicty','Romney','890-418-9372','bromneyt@sphinn.com'),(31,'Stephie','Yendall','584-465-4714','syendallu@wiley.com'),(32,'Callean','Pepperell','435-604-3073','cpepperellv@mozilla.com');
/*!40000 ALTER TABLE `Teachers` ENABLE KEYS */;
UNLOCK TABLES;
/*!40103 SET TIME_ZONE=@OLD_TIME_ZONE */;

/*!40101 SET SQL_MODE=@OLD_SQL_MODE */;
/*!40014 SET FOREIGN_KEY_CHECKS=@OLD_FOREIGN_KEY_CHECKS */;
/*!40014 SET UNIQUE_CHECKS=@OLD_UNIQUE_CHECKS */;
/*!40101 SET CHARACTER_SET_CLIENT=@OLD_CHARACTER_SET_CLIENT */;
/*!40101 SET CHARACTER_SET_RESULTS=@OLD_CHARACTER_SET_RESULTS */;
/*!40101 SET COLLATION_CONNECTION=@OLD_COLLATION_CONNECTION */;
/*!40111 SET SQL_NOTES=@OLD_SQL_NOTES */;

-- Dump completed on 2021-10-06  8:24:48
